SRN,Course_ID,F1,F2,F3,F4
PES1UG21CS001,CS105,F010,NULL,NULL,NULL
PES1UG21CS002,CS106,F011,NULL,NULL,NULL
PES1UG21CS003,CS103,F008,NULL,NULL,NULL
PES1UG21CS004,CS106,F011,NULL,NULL,NULL
PES1UG21CS005,CS105,F010,NULL,NULL,NULL
PES1UG21CS006,CS102,F007,NULL,NULL,NULL
PES1UG21CS007,CS102,F007,NULL,NULL,NULL
PES1UG21CS008,CS106,F011,NULL,NULL,NULL
PES1UG21CS009,CS103,F008,NULL,NULL,NULL
PES1UG21CS010,CS104,F009,NULL,NULL,NULL
PES1UG21CS011,CS106,F011,NULL,NULL,NULL
PES1UG21CS012,CS105,F010,NULL,NULL,NULL
PES1UG21CS013,CS105,F010,NULL,NULL,NULL
PES1UG21CS014,CS101,F002,F004,F006,F001
PES1UG21CS015,CS104,F009,NULL,NULL,NULL
PES1UG21CS016,CS106,F011,NULL,NULL,NULL
PES1UG21CS017,CS102,F007,NULL,NULL,NULL
PES1UG21CS018,CS106,F011,NULL,NULL,NULL
PES1UG21CS019,CS106,F011,NULL,NULL,NULL
PES1UG21CS020,CS105,F010,NULL,NULL,NULL
PES1UG21CS021,CS102,F007,NULL,NULL,NULL
PES1UG21CS022,CS102,F007,NULL,NULL,NULL
PES1UG21CS023,CS104,F009,NULL,NULL,NULL
PES1UG21CS024,CS101,F004,F005,F006,F003
PES1UG21CS025,CS102,F007,NULL,NULL,NULL
PES1UG21CS026,CS102,F007,NULL,NULL,NULL
PES1UG21CS027,CS104,F009,NULL,NULL,NULL
PES1UG21CS028,CS106,F011,NULL,NULL,NULL
PES1UG21CS029,CS105,F010,NULL,NULL,NULL
PES1UG21CS030,CS102,F007,NULL,NULL,NULL
PES1UG21CS031,CS102,F007,NULL,NULL,NULL
PES1UG21CS032,CS106,F011,NULL,NULL,NULL
PES1UG21CS033,CS101,F006,F005,F003,F004
PES1UG21CS034,CS104,F009,NULL,NULL,NULL
PES1UG21CS035,CS104,F009,NULL,NULL,NULL
PES1UG21CS036,CS106,F011,NULL,NULL,NULL
PES1UG21CS037,CS101,F001,F002,F006,F003
PES1UG21CS038,CS105,F010,NULL,NULL,NULL
PES1UG21CS039,CS104,F009,NULL,NULL,NULL
PES1UG21CS040,CS103,F008,NULL,NULL,NULL
PES1UG21CS041,CS104,F009,NULL,NULL,NULL
PES1UG21CS042,CS105,F010,NULL,NULL,NULL
PES1UG21CS043,CS106,F011,NULL,NULL,NULL
PES1UG21CS044,CS103,F008,NULL,NULL,NULL
PES1UG21CS045,CS105,F010,NULL,NULL,NULL
PES1UG21CS046,CS106,F011,NULL,NULL,NULL
PES1UG21CS047,CS101,F003,F005,F002,F001
PES1UG21CS048,CS106,F011,NULL,NULL,NULL
PES1UG21CS049,CS105,F010,NULL,NULL,NULL
PES1UG21CS050,CS103,F008,NULL,NULL,NULL
PES1UG21CS051,CS104,F009,NULL,NULL,NULL
PES1UG21CS052,CS102,F007,NULL,NULL,NULL
PES1UG21CS053,CS102,F007,NULL,NULL,NULL
PES1UG21CS054,CS101,F004,F002,F001,F006
PES1UG21CS055,CS104,F009,NULL,NULL,NULL
PES1UG21CS056,CS105,F010,NULL,NULL,NULL
PES1UG21CS057,CS103,F008,NULL,NULL,NULL
PES1UG21CS058,CS103,F008,NULL,NULL,NULL
PES1UG21CS059,CS101,F004,F006,F001,F002
PES1UG21CS060,CS102,F007,NULL,NULL,NULL
PES1UG21CS061,CS101,F002,F001,F004,F003
PES1UG21CS062,CS104,F009,NULL,NULL,NULL
PES1UG21CS063,CS105,F010,NULL,NULL,NULL
PES1UG21CS064,CS104,F009,NULL,NULL,NULL
PES1UG21CS065,CS103,F008,NULL,NULL,NULL
PES1UG21CS066,CS105,F010,NULL,NULL,NULL
PES1UG21CS067,CS102,F007,NULL,NULL,NULL
PES1UG21CS068,CS102,F007,NULL,NULL,NULL
PES1UG21CS069,CS102,F007,NULL,NULL,NULL
PES1UG21CS070,CS103,F008,NULL,NULL,NULL
PES1UG21CS071,CS101,F005,F003,F006,F002
PES1UG21CS072,CS106,F011,NULL,NULL,NULL
PES1UG21CS073,CS105,F010,NULL,NULL,NULL
PES1UG21CS074,CS105,F010,NULL,NULL,NULL
PES1UG21CS075,CS102,F007,NULL,NULL,NULL
PES1UG21CS076,CS105,F010,NULL,NULL,NULL
PES1UG21CS077,CS105,F010,NULL,NULL,NULL
PES1UG21CS078,CS101,F004,F006,F001,F003
PES1UG21CS079,CS103,F008,NULL,NULL,NULL
PES1UG21CS080,CS104,F009,NULL,NULL,NULL
PES1UG21CS081,CS104,F009,NULL,NULL,NULL
PES1UG21CS082,CS105,F010,NULL,NULL,NULL
PES1UG21CS083,CS106,F011,NULL,NULL,NULL
PES1UG21CS084,CS103,F008,NULL,NULL,NULL
PES1UG21CS085,CS105,F010,NULL,NULL,NULL
PES1UG21CS086,CS104,F009,NULL,NULL,NULL
PES1UG21CS087,CS105,F010,NULL,NULL,NULL
PES1UG21CS088,CS102,F007,NULL,NULL,NULL
PES1UG21CS089,CS106,F011,NULL,NULL,NULL
PES1UG21CS090,CS106,F011,NULL,NULL,NULL
PES1UG21CS091,CS102,F007,NULL,NULL,NULL
PES1UG21CS092,CS101,F001,F006,F002,F003
PES1UG21CS093,CS103,F008,NULL,NULL,NULL
PES1UG21CS094,CS106,F011,NULL,NULL,NULL
PES1UG21CS095,CS105,F010,NULL,NULL,NULL
PES1UG21CS096,CS104,F009,NULL,NULL,NULL
PES1UG21CS097,CS106,F011,NULL,NULL,NULL
PES1UG21CS098,CS105,F010,NULL,NULL,NULL
PES1UG21CS099,CS105,F010,NULL,NULL,NULL
PES1UG21CS100,CS103,F008,NULL,NULL,NULL
PES1UG21CS101,CS105,F010,NULL,NULL,NULL
PES1UG21CS102,CS103,F008,NULL,NULL,NULL
PES1UG21CS103,CS104,F009,NULL,NULL,NULL
PES1UG21CS104,CS106,F011,NULL,NULL,NULL
PES1UG21CS105,CS105,F010,NULL,NULL,NULL
PES1UG21CS106,CS103,F008,NULL,NULL,NULL
PES1UG21CS107,CS104,F009,NULL,NULL,NULL
PES1UG21CS108,CS106,F011,NULL,NULL,NULL
PES1UG21CS109,CS102,F007,NULL,NULL,NULL
PES1UG21CS110,CS106,F011,NULL,NULL,NULL
PES1UG21CS111,CS106,F011,NULL,NULL,NULL
PES1UG21CS112,CS103,F008,NULL,NULL,NULL
PES1UG21CS113,CS105,F010,NULL,NULL,NULL
PES1UG21CS114,CS105,F010,NULL,NULL,NULL
PES1UG21CS115,CS106,F011,NULL,NULL,NULL
PES1UG21CS116,CS105,F010,NULL,NULL,NULL
PES1UG21CS117,CS106,F011,NULL,NULL,NULL
PES1UG21CS118,CS103,F008,NULL,NULL,NULL
PES1UG21CS119,CS102,F007,NULL,NULL,NULL
PES1UG21CS120,CS104,F009,NULL,NULL,NULL
PES1UG21CS121,CS104,F009,NULL,NULL,NULL
PES1UG21CS122,CS102,F007,NULL,NULL,NULL
PES1UG21CS123,CS103,F008,NULL,NULL,NULL
PES1UG21CS124,CS104,F009,NULL,NULL,NULL
PES1UG21CS125,CS102,F007,NULL,NULL,NULL
PES1UG21CS126,CS103,F008,NULL,NULL,NULL
PES1UG21CS127,CS104,F009,NULL,NULL,NULL
PES1UG21CS128,CS105,F010,NULL,NULL,NULL
PES1UG21CS129,CS106,F011,NULL,NULL,NULL
PES1UG21CS130,CS103,F008,NULL,NULL,NULL
PES1UG21CS131,CS101,F004,F005,F006,F002
PES1UG21CS132,CS101,F002,F004,F006,F001
PES1UG21CS133,CS102,F007,NULL,NULL,NULL
PES1UG21CS134,CS101,F002,F005,F001,F003
PES1UG21CS135,CS106,F011,NULL,NULL,NULL
PES1UG21CS136,CS104,F009,NULL,NULL,NULL
PES1UG21CS137,CS103,F008,NULL,NULL,NULL
PES1UG21CS138,CS102,F007,NULL,NULL,NULL
PES1UG21CS139,CS104,F009,NULL,NULL,NULL
PES1UG21CS140,CS104,F009,NULL,NULL,NULL
PES1UG21CS141,CS104,F009,NULL,NULL,NULL
PES1UG21CS142,CS101,F004,F002,F005,F001
PES1UG21CS143,CS104,F009,NULL,NULL,NULL
PES1UG21CS144,CS101,F002,F003,F005,F006
PES1UG21CS145,CS105,F010,NULL,NULL,NULL
PES1UG21CS146,CS101,F004,F003,F002,F001
PES1UG21CS147,CS104,F009,NULL,NULL,NULL
PES1UG21CS148,CS106,F011,NULL,NULL,NULL
PES1UG21CS149,CS104,F009,NULL,NULL,NULL
PES1UG21CS150,CS101,F006,F001,F002,F004
PES1UG21CS151,CS106,F011,NULL,NULL,NULL
PES1UG21CS152,CS104,F009,NULL,NULL,NULL
PES1UG21CS153,CS103,F008,NULL,NULL,NULL
PES1UG21CS154,CS101,F001,F006,F005,F004
PES1UG21CS155,CS103,F008,NULL,NULL,NULL
PES1UG21CS156,CS103,F008,NULL,NULL,NULL
PES1UG21CS157,CS105,F010,NULL,NULL,NULL
PES1UG21CS158,CS103,F008,NULL,NULL,NULL
PES1UG21CS159,CS101,F005,F001,F004,F002
PES1UG21CS160,CS101,F001,F005,F004,F002
PES1UG21CS161,CS106,F011,NULL,NULL,NULL
PES1UG21CS162,CS103,F008,NULL,NULL,NULL
PES1UG21CS163,CS105,F010,NULL,NULL,NULL
PES1UG21CS164,CS105,F010,NULL,NULL,NULL
PES1UG21CS165,CS104,F009,NULL,NULL,NULL
PES1UG21CS166,CS105,F010,NULL,NULL,NULL
PES1UG21CS167,CS103,F008,NULL,NULL,NULL
PES1UG21CS168,CS101,F004,F001,F002,F003
PES1UG21CS169,CS102,F007,NULL,NULL,NULL
PES1UG21CS170,CS106,F011,NULL,NULL,NULL
PES1UG21CS171,CS105,F010,NULL,NULL,NULL
PES1UG21CS172,CS105,F010,NULL,NULL,NULL
PES1UG21CS173,CS101,F003,F005,F002,F001
PES1UG21CS174,CS104,F009,NULL,NULL,NULL
PES1UG21CS175,CS101,F006,F004,F005,F003
PES1UG21CS176,CS102,F007,NULL,NULL,NULL
PES1UG21CS177,CS102,F007,NULL,NULL,NULL
PES1UG21CS178,CS104,F009,NULL,NULL,NULL
PES1UG21CS179,CS102,F007,NULL,NULL,NULL
PES1UG21CS180,CS103,F008,NULL,NULL,NULL
PES1UG21CS181,CS105,F010,NULL,NULL,NULL
PES1UG21CS182,CS106,F011,NULL,NULL,NULL
PES1UG21CS183,CS103,F008,NULL,NULL,NULL
PES1UG21CS184,CS103,F008,NULL,NULL,NULL
PES1UG21CS185,CS106,F011,NULL,NULL,NULL
PES1UG21CS186,CS102,F007,NULL,NULL,NULL
PES1UG21CS187,CS105,F010,NULL,NULL,NULL
PES1UG21CS188,CS102,F007,NULL,NULL,NULL
PES1UG21CS189,CS106,F011,NULL,NULL,NULL
PES1UG21CS190,CS104,F009,NULL,NULL,NULL
PES1UG21CS191,CS105,F010,NULL,NULL,NULL
PES1UG21CS192,CS102,F007,NULL,NULL,NULL
PES1UG21CS193,CS102,F007,NULL,NULL,NULL
PES1UG21CS194,CS104,F009,NULL,NULL,NULL
PES1UG21CS195,CS104,F009,NULL,NULL,NULL
PES1UG21CS196,CS106,F011,NULL,NULL,NULL
PES1UG21CS197,CS106,F011,NULL,NULL,NULL
PES1UG21CS198,CS106,F011,NULL,NULL,NULL
PES1UG21CS199,CS105,F010,NULL,NULL,NULL
PES1UG21CS200,CS106,F011,NULL,NULL,NULL
PES1UG21CS201,CS101,F002,F005,F006,F001
PES1UG21CS202,CS105,F010,NULL,NULL,NULL
PES1UG21CS203,CS101,F002,F005,F003,F006
PES1UG21CS204,CS103,F008,NULL,NULL,NULL
PES1UG21CS205,CS105,F010,NULL,NULL,NULL
PES1UG21CS206,CS102,F007,NULL,NULL,NULL
PES1UG21CS207,CS102,F007,NULL,NULL,NULL
PES1UG21CS208,CS101,F003,F005,F004,F002
PES1UG21CS209,CS102,F007,NULL,NULL,NULL
PES1UG21CS210,CS105,F010,NULL,NULL,NULL
PES1UG21CS211,CS101,F001,F004,F006,F003
PES1UG21CS212,CS106,F011,NULL,NULL,NULL
PES1UG21CS213,CS102,F007,NULL,NULL,NULL
PES1UG21CS214,CS105,F010,NULL,NULL,NULL
PES1UG21CS215,CS102,F007,NULL,NULL,NULL
PES1UG21CS216,CS105,F010,NULL,NULL,NULL
PES1UG21CS217,CS104,F009,NULL,NULL,NULL
PES1UG21CS218,CS101,F005,F002,F001,F003
PES1UG21CS219,CS103,F008,NULL,NULL,NULL
PES1UG21CS220,CS104,F009,NULL,NULL,NULL
PES1UG21CS221,CS104,F009,NULL,NULL,NULL
PES1UG21CS222,CS101,F005,F006,F003,F004
PES1UG21CS223,CS103,F008,NULL,NULL,NULL
PES1UG21CS224,CS101,F003,F006,F001,F004
PES1UG21CS225,CS102,F007,NULL,NULL,NULL
PES1UG21CS226,CS103,F008,NULL,NULL,NULL
PES1UG21CS227,CS101,F003,F002,F005,F001
PES1UG21CS228,CS101,F002,F004,F005,F003
PES1UG21CS229,CS101,F002,F003,F004,F006
PES1UG21CS230,CS104,F009,NULL,NULL,NULL
PES1UG21CS231,CS102,F007,NULL,NULL,NULL
PES1UG21CS232,CS106,F011,NULL,NULL,NULL
PES1UG21CS233,CS104,F009,NULL,NULL,NULL
PES1UG21CS234,CS103,F008,NULL,NULL,NULL
PES1UG21CS235,CS102,F007,NULL,NULL,NULL
PES1UG21CS236,CS102,F007,NULL,NULL,NULL
PES1UG21CS237,CS102,F007,NULL,NULL,NULL
PES1UG21CS238,CS104,F009,NULL,NULL,NULL
PES1UG21CS239,CS106,F011,NULL,NULL,NULL
PES1UG21CS240,CS104,F009,NULL,NULL,NULL
PES1UG21CS241,CS102,F007,NULL,NULL,NULL
PES1UG21CS242,CS106,F011,NULL,NULL,NULL
PES1UG21CS243,CS105,F010,NULL,NULL,NULL
PES1UG21CS244,CS104,F009,NULL,NULL,NULL
PES1UG21CS245,CS103,F008,NULL,NULL,NULL
PES1UG21CS246,CS106,F011,NULL,NULL,NULL
PES1UG21CS247,CS106,F011,NULL,NULL,NULL
PES1UG21CS248,CS105,F010,NULL,NULL,NULL
PES1UG21CS249,CS103,F008,NULL,NULL,NULL
PES1UG21CS250,CS106,F011,NULL,NULL,NULL
PES1UG21CS251,CS105,F010,NULL,NULL,NULL
PES1UG21CS252,CS104,F009,NULL,NULL,NULL
PES1UG21CS253,CS106,F011,NULL,NULL,NULL
PES1UG21CS254,CS104,F009,NULL,NULL,NULL
PES1UG21CS255,CS101,F002,F005,F003,F004
PES1UG21CS256,CS103,F008,NULL,NULL,NULL
PES1UG21CS257,CS101,F006,F003,F004,F001
PES1UG21CS258,CS104,F009,NULL,NULL,NULL
PES1UG21CS259,CS104,F009,NULL,NULL,NULL
PES1UG21CS260,CS101,F004,F002,F001,F003
PES1UG21CS261,CS102,F007,NULL,NULL,NULL
PES1UG21CS262,CS105,F010,NULL,NULL,NULL
PES1UG21CS263,CS104,F009,NULL,NULL,NULL
PES1UG21CS264,CS102,F007,NULL,NULL,NULL
PES1UG21CS265,CS105,F010,NULL,NULL,NULL
PES1UG21CS266,CS103,F008,NULL,NULL,NULL
PES1UG21CS267,CS102,F007,NULL,NULL,NULL
PES1UG21CS268,CS103,F008,NULL,NULL,NULL
PES1UG21CS269,CS104,F009,NULL,NULL,NULL
PES1UG21CS270,CS106,F011,NULL,NULL,NULL
PES1UG21CS271,CS102,F007,NULL,NULL,NULL
PES1UG21CS272,CS101,F004,F005,F002,F001
PES1UG21CS273,CS101,F005,F006,F004,F002
PES1UG21CS274,CS104,F009,NULL,NULL,NULL
PES1UG21CS275,CS103,F008,NULL,NULL,NULL
PES1UG21CS276,CS105,F010,NULL,NULL,NULL
PES1UG21CS277,CS103,F008,NULL,NULL,NULL
PES1UG21CS278,CS101,F005,F006,F002,F004
PES1UG21CS279,CS106,F011,NULL,NULL,NULL
PES1UG21CS280,CS105,F010,NULL,NULL,NULL
PES1UG21CS281,CS104,F009,NULL,NULL,NULL
PES1UG21CS282,CS106,F011,NULL,NULL,NULL
PES1UG21CS283,CS104,F009,NULL,NULL,NULL
PES1UG21CS284,CS105,F010,NULL,NULL,NULL
PES1UG21CS285,CS103,F008,NULL,NULL,NULL
PES1UG21CS286,CS101,F002,F005,F006,F003
PES1UG21CS287,CS106,F011,NULL,NULL,NULL
PES1UG21CS288,CS101,F006,F003,F002,F005
PES1UG21CS289,CS106,F011,NULL,NULL,NULL
PES1UG21CS290,CS104,F009,NULL,NULL,NULL
PES1UG21CS291,CS106,F011,NULL,NULL,NULL
PES1UG21CS292,CS105,F010,NULL,NULL,NULL
PES1UG21CS293,CS103,F008,NULL,NULL,NULL
PES1UG21CS294,CS105,F010,NULL,NULL,NULL
PES1UG21CS295,CS101,F001,F003,F006,F002
PES1UG21CS296,CS102,F007,NULL,NULL,NULL
PES1UG21CS297,CS102,F007,NULL,NULL,NULL
PES1UG21CS298,CS104,F009,NULL,NULL,NULL
PES1UG21CS299,CS105,F010,NULL,NULL,NULL
PES1UG21CS300,CS103,F008,NULL,NULL,NULL
PES1UG21CS301,CS105,F010,NULL,NULL,NULL
PES1UG21CS302,CS106,F011,NULL,NULL,NULL
PES1UG21CS303,CS102,F007,NULL,NULL,NULL
PES1UG21CS304,CS105,F010,NULL,NULL,NULL
PES1UG21CS305,CS103,F008,NULL,NULL,NULL
PES1UG21CS306,CS106,F011,NULL,NULL,NULL
PES1UG21CS307,CS101,F005,F003,F002,F001
PES1UG21CS308,CS101,F003,F005,F004,F006
PES1UG21CS309,CS105,F010,NULL,NULL,NULL
PES1UG21CS310,CS101,F003,F004,F001,F002
PES1UG21CS311,CS105,F010,NULL,NULL,NULL
PES1UG21CS312,CS103,F008,NULL,NULL,NULL
PES1UG21CS313,CS101,F006,F001,F002,F005
PES1UG21CS314,CS106,F011,NULL,NULL,NULL
PES1UG21CS315,CS102,F007,NULL,NULL,NULL
PES1UG21CS316,CS101,F002,F003,F005,F006
PES1UG21CS317,CS102,F007,NULL,NULL,NULL
PES1UG21CS318,CS103,F008,NULL,NULL,NULL
PES1UG21CS319,CS103,F008,NULL,NULL,NULL
PES1UG21CS320,CS103,F008,NULL,NULL,NULL
PES1UG21CS321,CS103,F008,NULL,NULL,NULL
PES1UG21CS322,CS102,F007,NULL,NULL,NULL
PES1UG21CS323,CS103,F008,NULL,NULL,NULL
PES1UG21CS324,CS102,F007,NULL,NULL,NULL
PES1UG21CS325,CS101,F002,F005,F004,F003
PES1UG21CS326,CS101,F004,F002,F003,F005
PES1UG21CS327,CS101,F001,F004,F006,F002
PES1UG21CS328,CS102,F007,NULL,NULL,NULL
PES1UG21CS329,CS103,F008,NULL,NULL,NULL
PES1UG21CS330,CS101,F005,F006,F002,F004
PES1UG21CS331,CS101,F002,F003,F006,F004
PES1UG21CS332,CS102,F007,NULL,NULL,NULL
PES1UG21CS333,CS102,F007,NULL,NULL,NULL
PES1UG21CS334,CS102,F007,NULL,NULL,NULL
PES1UG21CS335,CS102,F007,NULL,NULL,NULL
PES1UG21CS336,CS101,F002,F006,F004,F003
PES1UG21CS337,CS103,F008,NULL,NULL,NULL
PES1UG21CS338,CS103,F008,NULL,NULL,NULL
PES1UG21CS339,CS103,F008,NULL,NULL,NULL
PES1UG21CS340,CS101,F003,F006,F004,F002
PES1UG21CS341,CS101,F004,F002,F001,F003
PES1UG21CS342,CS102,F007,NULL,NULL,NULL
PES1UG21CS343,CS101,F003,F004,F006,F001
PES1UG21CS344,CS103,F008,NULL,NULL,NULL
PES1UG21CS345,CS101,F006,F003,F005,F004
PES1UG21CS346,CS101,F004,F001,F005,F002
PES1UG21CS347,CS103,F008,NULL,NULL,NULL
PES1UG21CS348,CS102,F007,NULL,NULL,NULL
PES1UG21CS349,CS102,F007,NULL,NULL,NULL
PES1UG21CS350,CS101,F004,F005,F006,F002
PES1UG21CS351,CS102,F007,NULL,NULL,NULL
PES1UG21CS352,CS103,F008,NULL,NULL,NULL
PES1UG21CS353,CS103,F008,NULL,NULL,NULL
PES1UG21CS354,CS102,F007,NULL,NULL,NULL
PES1UG21CS355,CS102,F007,NULL,NULL,NULL
PES1UG21CS356,CS102,F007,NULL,NULL,NULL
PES1UG21CS357,CS101,F006,F004,F002,F001
PES1UG21CS358,CS101,F005,F004,F003,F006
PES1UG21CS359,CS102,F007,NULL,NULL,NULL
PES1UG21CS360,CS101,F006,F001,F004,F005
PES1UG21CS361,CS102,F007,NULL,NULL,NULL
PES1UG21CS362,CS101,F003,F002,F006,F004
PES1UG21CS363,CS101,F003,F002,F005,F004
PES1UG21CS364,CS102,F007,NULL,NULL,NULL
PES1UG21CS365,CS102,F007,NULL,NULL,NULL
PES1UG21CS366,CS102,F007,NULL,NULL,NULL
PES1UG21CS367,CS102,F007,NULL,NULL,NULL
PES1UG21CS368,CS101,F001,F004,F002,F006
PES1UG21CS369,CS101,F002,F005,F006,F001
PES1UG21CS370,CS102,F007,NULL,NULL,NULL
PES1UG21CS371,CS101,F005,F003,F001,F004
PES1UG21CS372,CS102,F007,NULL,NULL,NULL
PES1UG21CS373,CS102,F007,NULL,NULL,NULL
PES1UG21CS374,CS102,F007,NULL,NULL,NULL
PES1UG21CS375,CS101,F001,F003,F005,F002
PES1UG21CS376,CS101,F001,F003,F004,F002
PES1UG21CS377,CS101,F003,F002,F006,F001
PES1UG21CS378,CS102,F007,NULL,NULL,NULL
PES1UG21CS379,CS101,F004,F001,F003,F005
PES1UG21CS380,CS102,F007,NULL,NULL,NULL
PES1UG21CS381,CS101,F003,F004,F002,F006
PES1UG21CS382,CS102,F007,NULL,NULL,NULL
PES1UG21CS383,CS101,F002,F006,F004,F003
PES1UG21CS384,CS101,F002,F004,F001,F006
PES1UG21CS385,CS101,F001,F004,F006,F002
PES1UG21CS386,CS102,F007,NULL,NULL,NULL
PES1UG21CS387,CS101,F001,F006,F003,F004
PES1UG21CS388,CS101,F005,F006,F004,F002
PES1UG21CS389,CS101,F003,F001,F002,F005
PES1UG21CS390,CS101,F004,F005,F002,F006
PES1UG21CS391,CS101,F001,F003,F005,F004
PES1UG21CS392,CS101,F005,F003,F006,F004
PES1UG21CS393,CS101,F003,F005,F001,F004
PES1UG21CS394,CS101,F001,F006,F002,F003
PES1UG21CS395,CS101,F005,F006,F004,F001
PES1UG21CS396,CS101,F005,F001,F004,F003
PES1UG21CS397,CS101,F004,F005,F003,F006
PES1UG21CS398,CS101,F002,F004,F003,F005
PES1UG21CS399,CS101,F005,F002,F001,F004
PES1UG21CS400,CS101,F001,F002,F003,F005
PES1UG21CS401,CS101,F003,F005,F006,F001
PES1UG21CS402,CS101,F001,F003,F002,F006
PES1UG21CS403,CS101,F003,F004,F005,F001
PES1UG21CS404,CS101,F003,F006,F004,F002
PES1UG21CS405,CS101,F004,F003,F002,F001
PES1UG21CS406,CS101,F002,F003,F001,F006
PES1UG21CS407,CS101,F006,F001,F004,F002
PES1UG21CS408,CS101,F002,F003,F005,F001
PES1UG21CS409,CS101,F001,F002,F005,F006
PES1UG21CS410,CS101,F002,F004,F003,F005
PES1UG21CS411,CS101,F003,F002,F001,F004
PES1UG21CS412,CS101,F002,F005,F001,F004
PES1UG21CS413,CS101,F002,F001,F006,F004
PES1UG21CS414,CS101,F004,F006,F005,F003
PES1UG21CS415,CS101,F004,F003,F002,F006
PES1UG21CS416,CS101,F002,F006,F004,F005
PES1UG21CS417,CS101,F002,F006,F005,F003
PES1UG21CS418,CS101,F004,F006,F001,F003
PES1UG21CS419,CS101,F002,F001,F006,F005
PES1UG21CS420,CS101,F004,F001,F005,F002
PES1UG21CS421,CS101,F001,F003,F002,F006
PES1UG21CS422,CS101,F005,F002,F004,F003
PES1UG21CS423,CS101,F005,F003,F004,F002
PES1UG21CS424,CS101,F005,F001,F006,F004
PES1UG21CS425,CS101,F006,F004,F003,F005
PES1UG21CS426,CS101,F002,F001,F004,F003
PES1UG21CS427,CS101,F003,F006,F004,F002
PES1UG21CS428,CS101,F002,F006,F001,F004
PES1UG21CS429,CS101,F001,F006,F003,F005
PES1UG21CS430,CS101,F003,F001,F004,F006
PES1UG21CS431,CS101,F004,F006,F005,F001
PES1UG21CS432,CS101,F002,F004,F001,F005
PES1UG21CS433,CS101,F006,F004,F003,F001
PES1UG21CS434,CS101,F005,F006,F004,F001
PES1UG21CS435,CS101,F001,F004,F006,F005
PES1UG21CS436,CS101,F006,F005,F002,F004
PES1UG21CS437,CS101,F004,F005,F003,F001
PES1UG21CS438,CS101,F006,F005,F002,F004
PES1UG21CS439,CS101,F005,F003,F001,F004
PES1UG21CS440,CS101,F003,F004,F005,F002
PES1UG21CS441,CS101,F006,F001,F005,F003
PES1UG21CS442,CS101,F006,F005,F002,F001
PES1UG21CS443,CS101,F002,F003,F006,F001
PES1UG21CS444,CS101,F005,F004,F006,F003
PES1UG21CS445,CS101,F002,F005,F006,F003
PES1UG21CS446,CS101,F001,F003,F005,F004
PES1UG21CS447,CS101,F001,F006,F004,F003
PES1UG21CS448,CS101,F002,F001,F003,F004
PES1UG21CS449,CS101,F002,F005,F004,F003
PES1UG21CS450,CS101,F001,F003,F006,F004
PES1UG21CS451,CS101,F002,F005,F006,F003
PES1UG21CS452,CS101,F004,F001,F002,F006
PES1UG21CS453,CS101,F005,F004,F003,F002
PES1UG21CS454,CS101,F001,F003,F002,F005
PES1UG21CS455,CS101,F005,F002,F006,F004
PES1UG21CS456,CS101,F003,F001,F002,F005
PES1UG21CS457,CS101,F003,F002,F006,F005
PES1UG21CS458,CS101,F003,F001,F006,F004
PES1UG21CS459,CS101,F002,F003,F006,F001
PES1UG21CS460,CS101,F004,F003,F002,F006
PES1UG21CS461,CS101,F006,F005,F003,F002
PES1UG21CS462,CS101,F002,F004,F001,F003
PES1UG21CS463,CS101,F003,F004,F002,F005
PES1UG21CS464,CS101,F001,F006,F002,F005
PES1UG21CS465,CS101,F001,F002,F003,F004
PES1UG21CS466,CS101,F006,F004,F005,F002
PES1UG21CS467,CS101,F001,F005,F003,F006
PES1UG21CS468,CS101,F002,F001,F006,F005
PES1UG21CS469,CS101,F005,F002,F003,F004
PES1UG21CS470,CS101,F004,F005,F001,F006
PES1UG21CS471,CS101,F004,F005,F001,F006
PES1UG21CS472,CS101,F005,F004,F002,F001
PES1UG21CS473,CS101,F001,F005,F003,F004
PES1UG21CS474,CS101,F003,F005,F001,F002
PES1UG21CS475,CS101,F003,F004,F005,F002
PES1UG21CS476,CS101,F006,F005,F004,F002
PES1UG21CS477,CS101,F001,F004,F006,F002
PES1UG21CS478,CS101,F005,F004,F006,F002
PES1UG21CS479,CS101,F002,F005,F003,F006
PES1UG21CS480,CS101,F006,F002,F005,F001
PES1UG21CS481,CS101,F005,F002,F003,F004
PES1UG21CS482,CS101,F004,F006,F003,F002
PES1UG21CS483,CS101,F004,F005,F006,F002
PES1UG21CS484,CS101,F002,F001,F004,F006
PES1UG21CS485,CS101,F004,F001,F005,F006
PES1UG21CS486,CS101,F002,F001,F006,F003
PES1UG21CS487,CS101,F003,F004,F002,F005
PES1UG21CS488,CS101,F006,F001,F002,F004
PES1UG21CS489,CS101,F001,F005,F002,F003
PES1UG21CS490,CS101,F005,F003,F001,F004
PES1UG21CS491,CS101,F006,F002,F003,F001
PES1UG21CS492,CS101,F005,F004,F001,F006
PES1UG21CS493,CS101,F002,F005,F006,F004
PES1UG21CS494,CS101,F001,F004,F003,F002
PES1UG21CS495,CS101,F005,F002,F003,F004
PES1UG21CS496,CS101,F006,F004,F001,F002
PES1UG21CS497,CS101,F001,F006,F003,F005
PES1UG21CS498,CS101,F003,F001,F005,F006
PES1UG21CS499,CS101,F001,F002,F006,F004
PES1UG21CS500,CS101,F004,F005,F006,F001
PES1UG21CS501,CS101,F006,F002,F004,F005
PES1UG21CS502,CS101,F003,F002,F005,F001
PES1UG21CS503,CS101,F006,F004,F002,F001
PES1UG21CS504,CS101,F005,F001,F004,F002
PES1UG21CS505,CS101,F006,F003,F004,F005
PES1UG21CS506,CS101,F002,F005,F001,F006
PES1UG21CS507,CS101,F002,F001,F006,F003
PES1UG21CS508,CS101,F001,F003,F002,F006
PES1UG21CS509,CS101,F005,F003,F002,F001
PES1UG21CS510,CS101,F004,F002,F005,F001
PES1UG21CS511,CS101,F004,F003,F001,F005
PES1UG21CS512,CS101,F003,F001,F005,F002
PES1UG21CS513,CS101,F006,F002,F004,F001
PES1UG21CS514,CS101,F004,F001,F003,F006
PES1UG21CS515,CS101,F002,F003,F004,F005
PES1UG21CS516,CS101,F003,F001,F002,F005
PES1UG21CS517,CS101,F004,F001,F002,F006
PES1UG21CS518,CS101,F006,F001,F002,F004
PES1UG21CS519,CS101,F003,F002,F005,F004
PES1UG21CS520,CS101,F005,F004,F001,F003
PES1UG21CS521,CS101,F003,F005,F001,F002
PES1UG21CS522,CS101,F005,F001,F003,F002
PES1UG21CS523,CS101,F001,F003,F006,F004
PES1UG21CS524,CS101,F002,F006,F001,F004
PES1UG21CS525,CS101,F003,F005,F002,F004
PES1UG21CS526,CS101,F005,F001,F004,F003
PES1UG21CS527,CS101,F006,F004,F005,F001
PES1UG21CS528,CS101,F001,F003,F005,F006
PES1UG21CS529,CS101,F001,F005,F003,F002
PES1UG21CS530,CS101,F001,F005,F003,F002
PES1UG21CS531,CS101,F004,F003,F006,F005
PES1UG21CS532,CS101,F002,F006,F004,F005
PES1UG21CS533,CS101,F006,F005,F004,F001
PES1UG21CS534,CS101,F002,F006,F001,F004
PES1UG21CS535,CS101,F005,F004,F003,F006
PES1UG21CS536,CS101,F003,F004,F005,F006
PES1UG21CS537,CS101,F002,F005,F006,F004
PES1UG21CS538,CS101,F002,F005,F006,F003
PES1UG21CS539,CS101,F006,F003,F004,F002
PES1UG21CS540,CS101,F002,F004,F006,F001
PES1UG21CS541,CS101,F006,F005,F002,F004
PES1UG21CS542,CS101,F002,F006,F005,F004
PES1UG21CS543,CS101,F002,F005,F006,F004
PES1UG21CS544,CS101,F002,F006,F004,F001
PES1UG21CS545,CS101,F001,F006,F004,F002
PES1UG21CS546,CS101,F003,F006,F005,F004
PES1UG21CS547,CS101,F001,F006,F005,F003
PES1UG21CS548,CS101,F006,F002,F004,F003
PES1UG21CS549,CS101,F002,F003,F004,F001
PES1UG21CS550,CS101,F004,F001,F002,F003
PES1UG21CS551,CS101,F003,F006,F005,F001
PES1UG21CS552,CS101,F002,F003,F006,F001
PES1UG21CS553,CS101,F002,F003,F001,F005
PES1UG21CS554,CS101,F001,F005,F003,F006
PES1UG21CS555,CS101,F006,F003,F002,F004
PES1UG21CS556,CS101,F005,F006,F002,F004
PES1UG21CS557,CS101,F004,F003,F001,F006
PES1UG21CS558,CS101,F004,F005,F006,F001
PES1UG21CS559,CS101,F005,F003,F006,F002
PES1UG21CS560,CS101,F004,F001,F003,F006
PES1UG21CS561,CS101,F003,F004,F005,F002
PES1UG21CS562,CS101,F006,F001,F003,F004
PES1UG21CS563,CS101,F002,F001,F005,F003
PES1UG21CS564,CS101,F005,F003,F006,F001
PES1UG21CS565,CS101,F004,F005,F006,F003
PES1UG21CS566,CS101,F006,F003,F005,F002
PES1UG21CS567,CS101,F006,F005,F001,F004
PES1UG21CS568,CS101,F003,F005,F002,F004
PES1UG21CS569,CS101,F001,F003,F004,F006
PES1UG21CS570,CS101,F006,F003,F005,F002
PES1UG21CS571,CS101,F002,F004,F001,F006
PES1UG21CS572,CS101,F001,F004,F002,F003
PES1UG21CS573,CS101,F003,F005,F006,F002
PES1UG21CS574,CS101,F006,F001,F003,F002
PES1UG21CS575,CS101,F002,F006,F004,F003
PES1UG21CS576,CS101,F004,F002,F003,F005
PES1UG21CS577,CS101,F004,F005,F001,F006
PES1UG21CS578,CS101,F001,F002,F005,F004
PES1UG21CS579,CS101,F004,F006,F005,F003
PES1UG21CS580,CS101,F003,F005,F001,F002
PES1UG21CS581,CS101,F005,F002,F003,F004
PES1UG21CS582,CS101,F001,F002,F005,F006
PES1UG21CS583,CS101,F003,F004,F005,F001
PES1UG21CS584,CS101,F001,F002,F006,F003
PES1UG21CS585,CS101,F001,F004,F006,F003
PES1UG21CS586,CS101,F006,F002,F001,F003
PES1UG21CS587,CS101,F002,F005,F001,F006
PES1UG21CS588,CS101,F001,F005,F004,F003
PES1UG21CS589,CS101,F003,F002,F006,F001
PES1UG21CS590,CS101,F006,F003,F001,F005
PES1UG21CS591,CS101,F005,F003,F002,F001
PES1UG21CS592,CS101,F001,F002,F006,F005
PES1UG21CS593,CS101,F001,F005,F003,F006
PES1UG21CS594,CS101,F003,F006,F002,F001
PES1UG21CS595,CS101,F001,F005,F003,F006
PES1UG21CS596,CS101,F003,F004,F002,F005
PES1UG21CS597,CS101,F006,F001,F004,F002
PES1UG21CS598,CS101,F003,F001,F006,F005
PES1UG21CS599,CS101,F006,F001,F004,F003
PES1UG21CS600,CS101,F002,F005,F006,F001
PES1UG21CS601,CS101,F005,F006,F002,F003
PES1UG21CS602,CS101,F005,F004,F001,F002
PES1UG21CS603,CS101,F006,F002,F005,F004
PES1UG21CS604,CS101,F002,F006,F001,F005
PES1UG21CS605,CS101,F002,F006,F003,F004
PES1UG21CS606,CS101,F002,F003,F006,F004
PES1UG21CS607,CS101,F003,F004,F001,F002
PES1UG21CS608,CS101,F006,F004,F003,F001
PES1UG21CS609,CS101,F004,F003,F005,F001
PES1UG21CS610,CS101,F003,F004,F005,F001
PES1UG21CS611,CS101,F003,F002,F004,F005
PES1UG21CS612,CS101,F003,F004,F001,F002
PES1UG21CS613,CS101,F001,F002,F003,F004
PES1UG21CS614,CS101,F001,F005,F004,F006
PES1UG21CS615,CS101,F001,F005,F002,F003
PES1UG21CS616,CS101,F002,F005,F001,F003
PES1UG21CS617,CS101,F003,F004,F006,F001
PES1UG21CS618,CS101,F004,F006,F005,F003
PES1UG21CS619,CS101,F005,F004,F006,F002
PES1UG21CS620,CS101,F001,F005,F003,F002
PES1UG21CS621,CS101,F001,F002,F004,F003
PES1UG21CS622,CS101,F002,F004,F005,F001
PES1UG21CS623,CS101,F004,F003,F001,F005
PES1UG21CS624,CS101,F001,F006,F002,F003
PES1UG21CS625,CS101,F001,F006,F004,F005
PES1UG21CS626,CS101,F003,F002,F006,F004
PES1UG21CS627,CS101,F006,F002,F005,F003
PES1UG21CS628,CS101,F001,F002,F004,F005
PES1UG21CS629,CS101,F005,F001,F006,F003
PES1UG21CS630,CS101,F004,F001,F002,F005
PES1UG21CS631,CS101,F002,F003,F005,F006
PES1UG21CS632,CS101,F006,F001,F005,F003
PES1UG21CS633,CS101,F005,F006,F004,F003
PES1UG21CS634,CS101,F003,F004,F005,F006
PES1UG21CS635,CS101,F006,F004,F003,F005
PES1UG21CS636,CS101,F003,F006,F001,F002
PES1UG21CS637,CS101,F006,F003,F002,F005
PES1UG21CS638,CS101,F002,F004,F005,F006
PES1UG21CS639,CS101,F004,F003,F001,F006
PES1UG21CS640,CS101,F005,F004,F001,F002
PES1UG21CS641,CS101,F004,F001,F003,F005
PES1UG21CS642,CS101,F003,F004,F002,F005
PES1UG21CS643,CS101,F001,F005,F006,F004
PES1UG21CS644,CS101,F002,F003,F001,F004
PES1UG21CS645,CS101,F004,F002,F001,F006
PES1UG21CS646,CS101,F005,F002,F001,F006
PES1UG21CS647,CS101,F002,F005,F001,F004
PES1UG21CS648,CS101,F004,F003,F001,F006
PES1UG21CS649,CS101,F004,F005,F003,F001
PES1UG21CS650,CS101,F006,F003,F005,F004
PES1UG21CS651,CS101,F002,F001,F006,F004
PES1UG21CS652,CS101,F006,F003,F002,F001
PES1UG21CS653,CS101,F005,F002,F001,F004
PES1UG21CS654,CS101,F002,F005,F006,F003
PES1UG21CS655,CS101,F005,F003,F001,F002
PES1UG21CS656,CS101,F003,F001,F004,F005
PES1UG21CS657,CS101,F003,F005,F006,F004
PES1UG21CS658,CS101,F002,F003,F005,F006
PES1UG21CS659,CS101,F001,F005,F006,F003
PES1UG21CS660,CS101,F001,F005,F003,F002
PES1UG21CS661,CS101,F002,F004,F001,F006
PES1UG21CS662,CS101,F002,F005,F003,F004
PES1UG21CS663,CS101,F006,F004,F003,F001
PES1UG21CS664,CS101,F004,F001,F003,F006
PES1UG21CS665,CS101,F005,F003,F006,F004
PES1UG21CS666,CS101,F005,F006,F001,F002
PES1UG21CS667,CS101,F003,F005,F006,F004
PES1UG21CS668,CS101,F002,F006,F005,F004
PES1UG21CS669,CS101,F005,F001,F003,F004
PES1UG21CS670,CS101,F006,F003,F002,F001
PES1UG21CS671,CS101,F006,F001,F002,F003
PES1UG21CS672,CS101,F002,F001,F003,F004
PES1UG21CS673,CS101,F001,F005,F003,F006
PES1UG21CS674,CS101,F005,F002,F006,F004
PES1UG21CS675,CS101,F006,F005,F002,F004
PES1UG21CS676,CS101,F001,F005,F002,F004
PES1UG21CS677,CS101,F006,F005,F001,F002
PES1UG21CS678,CS101,F005,F003,F006,F004
PES1UG21CS679,CS101,F005,F002,F006,F004
PES1UG21CS680,CS101,F006,F005,F001,F003
PES1UG21CS681,CS101,F004,F002,F003,F006
PES1UG21CS682,CS101,F006,F002,F001,F004
PES1UG21CS683,CS101,F002,F001,F005,F006
PES1UG21CS684,CS101,F001,F002,F003,F006
PES1UG21CS685,CS101,F001,F005,F003,F006
PES1UG21CS686,CS101,F001,F005,F002,F006
PES1UG21CS687,CS101,F001,F002,F006,F005
PES1UG21CS688,CS101,F002,F006,F001,F003
PES1UG21CS689,CS101,F001,F002,F004,F006
PES1UG21CS690,CS101,F005,F002,F006,F004
PES1UG21CS691,CS101,F001,F003,F002,F006
PES1UG21CS692,CS101,F004,F003,F006,F002
PES1UG21CS693,CS101,F004,F006,F002,F003
PES1UG21CS694,CS101,F004,F006,F002,F005
PES1UG21CS695,CS101,F002,F006,F004,F001
PES1UG21CS696,CS101,F001,F006,F003,F004
PES1UG21CS697,CS101,F002,F003,F006,F001
PES1UG21CS698,CS101,F004,F002,F003,F006
PES1UG21CS699,CS101,F003,F001,F006,F004
PES1UG21CS700,CS101,F004,F001,F002,F005
PES1UG21CS701,CS101,F004,F006,F003,F002
PES1UG21CS702,CS101,F001,F006,F002,F003
PES1UG21CS703,CS101,F005,F006,F002,F004
PES1UG21CS704,CS101,F001,F005,F003,F004
PES1UG21CS705,CS101,F005,F002,F004,F003
PES1UG21CS706,CS101,F001,F002,F004,F005
PES1UG21CS707,CS101,F003,F005,F004,F006
PES1UG21CS708,CS101,F006,F001,F003,F002
PES1UG21CS709,CS101,F004,F005,F001,F003
PES1UG21CS710,CS101,F001,F006,F003,F002
PES1UG21CS711,CS101,F003,F004,F006,F001
PES1UG21CS712,CS101,F006,F004,F002,F003
PES1UG21CS713,CS101,F006,F001,F003,F005
PES1UG21CS714,CS101,F003,F004,F002,F001
PES1UG21CS715,CS101,F005,F006,F003,F002
PES1UG21CS716,CS101,F002,F005,F001,F004
PES1UG21CS717,CS101,F006,F005,F003,F004
PES1UG21CS718,CS101,F004,F002,F003,F001
PES1UG21CS719,CS101,F004,F003,F001,F006
PES1UG21CS720,CS101,F005,F006,F001,F004
PES1UG21CS721,CS101,F003,F006,F002,F005
PES1UG21CS722,CS101,F004,F002,F006,F003
PES1UG21CS723,CS101,F005,F003,F001,F006
PES1UG21CS724,CS101,F001,F004,F005,F006
PES1UG21CS725,CS101,F003,F006,F002,F004
PES1UG21CS726,CS101,F004,F005,F001,F002
PES1UG21CS727,CS101,F002,F003,F001,F006
PES1UG21CS728,CS101,F005,F006,F002,F003
PES1UG21CS729,CS101,F001,F005,F003,F004
PES1UG21CS730,CS101,F003,F006,F001,F005
PES1UG21CS731,CS101,F001,F003,F005,F002
PES1UG21CS732,CS101,F005,F002,F001,F006
PES1UG21CS733,CS101,F006,F001,F005,F003
PES1UG21CS734,CS101,F003,F001,F006,F005
PES1UG21CS735,CS101,F004,F003,F006,F002
PES1UG21CS736,CS101,F004,F006,F005,F003
PES1UG21CS737,CS101,F001,F004,F005,F002
PES1UG21CS738,CS101,F004,F001,F002,F003
PES1UG21CS739,CS101,F001,F004,F003,F005
PES1UG21CS740,CS101,F005,F006,F003,F002
PES1UG21CS741,CS101,F001,F005,F006,F003
PES1UG21CS742,CS101,F004,F001,F005,F002
PES1UG21CS743,CS101,F002,F006,F001,F003
PES1UG21CS744,CS101,F004,F005,F002,F001
PES1UG21CS745,CS101,F001,F005,F004,F006
PES1UG21CS746,CS101,F003,F006,F004,F001
PES1UG21CS747,CS101,F006,F002,F001,F004
PES1UG21CS748,CS101,F006,F002,F005,F001
PES1UG21CS749,CS101,F003,F006,F005,F002
PES1UG21CS750,CS101,F006,F003,F004,F005
PES1UG21CS751,CS101,F005,F006,F003,F002
PES1UG21CS752,CS101,F002,F006,F005,F004
PES1UG21CS753,CS101,F003,F006,F002,F001
PES1UG21CS754,CS101,F004,F005,F006,F003
PES1UG21CS755,CS101,F005,F001,F004,F002
PES1UG21CS756,CS101,F005,F006,F001,F003
PES1UG21CS757,CS101,F004,F005,F003,F001
PES1UG21CS758,CS101,F003,F005,F002,F004
PES1UG21CS759,CS101,F004,F006,F005,F002
PES1UG21CS760,CS101,F001,F004,F006,F002
PES1UG21CS761,CS101,F005,F001,F004,F002
PES1UG21CS762,CS101,F004,F005,F003,F002
PES1UG21CS763,CS101,F003,F004,F006,F002
PES1UG21CS764,CS101,F004,F002,F005,F006
PES1UG21CS765,CS101,F001,F005,F003,F006
PES1UG21CS766,CS101,F006,F005,F002,F004
PES1UG21CS767,CS101,F006,F004,F005,F002
PES1UG21CS768,CS101,F004,F002,F003,F005
PES1UG21CS769,CS101,F006,F002,F004,F003
PES1UG21CS770,CS101,F005,F003,F004,F001
PES1UG21CS771,CS101,F003,F005,F006,F002
PES1UG21CS772,CS101,F005,F001,F002,F003
PES1UG21CS773,CS101,F001,F002,F003,F004
PES1UG21CS774,CS101,F005,F006,F003,F002
PES1UG21CS775,CS101,F006,F005,F001,F003
PES1UG21CS776,CS101,F004,F006,F003,F005
PES1UG21CS777,CS101,F001,F005,F003,F004
PES1UG21CS778,CS101,F003,F005,F006,F001
PES1UG21CS779,CS101,F006,F002,F003,F005
PES1UG21CS780,CS101,F003,F004,F006,F001
PES1UG21CS781,CS101,F001,F004,F002,F006
PES1UG21CS782,CS101,F001,F002,F006,F005
PES1UG21CS783,CS101,F004,F005,F006,F003
PES1UG21CS784,CS101,F002,F004,F006,F005
PES1UG21CS785,CS101,F003,F006,F001,F005
PES1UG21CS786,CS101,F002,F004,F001,F003
PES1UG21CS787,CS101,F001,F003,F005,F002
PES1UG21CS788,CS101,F006,F005,F003,F001
PES1UG21CS789,CS101,F006,F002,F005,F004
PES1UG21CS790,CS101,F002,F006,F004,F003
PES1UG21CS791,CS101,F001,F002,F005,F004
PES1UG21CS792,CS101,F002,F005,F004,F003
PES1UG21CS793,CS101,F006,F004,F001,F005
PES1UG21CS794,CS101,F001,F002,F006,F004
PES1UG21CS795,CS101,F006,F001,F003,F004
PES1UG21CS796,CS101,F001,F003,F004,F002
PES1UG21CS797,CS101,F006,F003,F004,F002
PES1UG21CS798,CS101,F002,F006,F001,F005
PES1UG21CS799,CS101,F005,F004,F001,F006
PES1UG21CS800,CS101,F006,F004,F001,F003
PES1UG21CS001,CS201,F012,F014,F013,F015
PES1UG21CS002,CS203,F020,F021,NULL,NULL
PES1UG21CS003,CS201,F012,F014,F013,F015
PES1UG21CS004,CS201,F012,F013,F014,F015
PES1UG21CS005,CS202,F019,F017,F016,F018
PES1UG21CS006,CS202,F018,F019,F016,F017
PES1UG21CS007,CS203,F020,F021,NULL,NULL
PES1UG21CS008,CS202,F016,F019,F018,F017
PES1UG21CS009,CS202,F018,F017,F016,F019
PES1UG21CS010,CS203,F021,F020,NULL,NULL
PES1UG21CS011,CS201,F014,F015,F013,F012
PES1UG21CS012,CS201,F015,F012,F014,F013
PES1UG21CS013,CS202,F018,F016,F017,F019
PES1UG21CS014,CS202,F018,F016,F019,F017
PES1UG21CS015,CS202,F018,F016,F019,F017
PES1UG21CS016,CS203,F020,F021,NULL,NULL
PES1UG21CS017,CS202,F019,F018,F016,F017
PES1UG21CS018,CS203,F021,F020,NULL,NULL
PES1UG21CS019,CS203,F020,F021,NULL,NULL
PES1UG21CS020,CS203,F020,F021,NULL,NULL
PES1UG21CS021,CS201,F014,F015,F012,F013
PES1UG21CS022,CS201,F012,F014,F015,F013
PES1UG21CS023,CS202,F018,F017,F019,F016
PES1UG21CS024,CS201,F012,F014,F015,F013
PES1UG21CS025,CS202,F019,F018,F016,F017
PES1UG21CS026,CS203,F021,F020,NULL,NULL
PES1UG21CS027,CS202,F017,F016,F019,F018
PES1UG21CS028,CS202,F018,F019,F017,F016
PES1UG21CS029,CS202,F016,F019,F018,F017
PES1UG21CS030,CS201,F014,F012,F013,F015
PES1UG21CS031,CS201,F013,F015,F014,F012
PES1UG21CS032,CS202,F019,F017,F016,F018
PES1UG21CS033,CS203,F021,F020,NULL,NULL
PES1UG21CS034,CS202,F019,F017,F016,F018
PES1UG21CS035,CS203,F020,F021,NULL,NULL
PES1UG21CS036,CS201,F012,F013,F015,F014
PES1UG21CS037,CS201,F013,F012,F014,F015
PES1UG21CS038,CS201,F015,F014,F013,F012
PES1UG21CS039,CS203,F020,F021,NULL,NULL
PES1UG21CS040,CS202,F019,F017,F018,F016
PES1UG21CS041,CS203,F020,F021,NULL,NULL
PES1UG21CS042,CS201,F014,F012,F013,F015
PES1UG21CS043,CS203,F021,F020,NULL,NULL
PES1UG21CS044,CS203,F021,F020,NULL,NULL
PES1UG21CS045,CS203,F021,F020,NULL,NULL
PES1UG21CS046,CS203,F021,F020,NULL,NULL
PES1UG21CS047,CS201,F014,F012,F015,F013
PES1UG21CS048,CS203,F020,F021,NULL,NULL
PES1UG21CS049,CS203,F021,F020,NULL,NULL
PES1UG21CS050,CS202,F016,F017,F018,F019
PES1UG21CS051,CS201,F014,F013,F015,F012
PES1UG21CS052,CS203,F021,F020,NULL,NULL
PES1UG21CS053,CS203,F020,F021,NULL,NULL
PES1UG21CS054,CS202,F019,F017,F018,F016
PES1UG21CS055,CS201,F014,F013,F012,F015
PES1UG21CS056,CS201,F014,F015,F012,F013
PES1UG21CS057,CS201,F013,F012,F014,F015
PES1UG21CS058,CS203,F021,F020,NULL,NULL
PES1UG21CS059,CS202,F019,F016,F018,F017
PES1UG21CS060,CS201,F014,F013,F015,F012
PES1UG21CS061,CS202,F017,F018,F019,F016
PES1UG21CS062,CS202,F018,F019,F016,F017
PES1UG21CS063,CS202,F017,F016,F019,F018
PES1UG21CS064,CS203,F021,F020,NULL,NULL
PES1UG21CS065,CS203,F021,F020,NULL,NULL
PES1UG21CS066,CS202,F019,F016,F017,F018
PES1UG21CS067,CS201,F012,F014,F013,F015
PES1UG21CS068,CS203,F020,F021,NULL,NULL
PES1UG21CS069,CS202,F019,F017,F018,F016
PES1UG21CS070,CS201,F014,F012,F015,F013
PES1UG21CS071,CS203,F021,F020,NULL,NULL
PES1UG21CS072,CS202,F018,F017,F016,F019
PES1UG21CS073,CS203,F021,F020,NULL,NULL
PES1UG21CS074,CS203,F020,F021,NULL,NULL
PES1UG21CS075,CS201,F013,F015,F012,F014
PES1UG21CS076,CS201,F015,F013,F012,F014
PES1UG21CS077,CS201,F013,F015,F014,F012
PES1UG21CS078,CS202,F017,F018,F016,F019
PES1UG21CS079,CS201,F015,F014,F013,F012
PES1UG21CS080,CS202,F016,F019,F018,F017
PES1UG21CS081,CS203,F021,F020,NULL,NULL
PES1UG21CS082,CS201,F015,F012,F013,F014
PES1UG21CS083,CS202,F016,F019,F017,F018
PES1UG21CS084,CS203,F021,F020,NULL,NULL
PES1UG21CS085,CS201,F015,F014,F012,F013
PES1UG21CS086,CS202,F017,F016,F018,F019
PES1UG21CS087,CS203,F020,F021,NULL,NULL
PES1UG21CS088,CS202,F017,F018,F019,F016
PES1UG21CS089,CS202,F017,F018,F019,F016
PES1UG21CS090,CS203,F021,F020,NULL,NULL
PES1UG21CS091,CS201,F014,F012,F015,F013
PES1UG21CS092,CS201,F014,F015,F012,F013
PES1UG21CS093,CS203,F021,F020,NULL,NULL
PES1UG21CS094,CS203,F021,F020,NULL,NULL
PES1UG21CS095,CS201,F014,F015,F013,F012
PES1UG21CS096,CS203,F020,F021,NULL,NULL
PES1UG21CS097,CS202,F017,F019,F016,F018
PES1UG21CS098,CS203,F020,F021,NULL,NULL
PES1UG21CS099,CS202,F018,F019,F016,F017
PES1UG21CS100,CS201,F013,F012,F014,F015
PES1UG21CS101,CS201,F013,F015,F012,F014
PES1UG21CS102,CS202,F016,F018,F019,F017
PES1UG21CS103,CS202,F016,F017,F018,F019
PES1UG21CS104,CS201,F015,F012,F013,F014
PES1UG21CS105,CS203,F021,F020,NULL,NULL
PES1UG21CS106,CS201,F015,F013,F014,F012
PES1UG21CS107,CS202,F016,F019,F018,F017
PES1UG21CS108,CS201,F012,F015,F013,F014
PES1UG21CS109,CS203,F021,F020,NULL,NULL
PES1UG21CS110,CS203,F020,F021,NULL,NULL
PES1UG21CS111,CS202,F016,F017,F018,F019
PES1UG21CS112,CS201,F012,F014,F015,F013
PES1UG21CS113,CS201,F012,F013,F015,F014
PES1UG21CS114,CS203,F020,F021,NULL,NULL
PES1UG21CS115,CS203,F020,F021,NULL,NULL
PES1UG21CS116,CS202,F019,F017,F016,F018
PES1UG21CS117,CS202,F017,F019,F018,F016
PES1UG21CS118,CS202,F018,F017,F016,F019
PES1UG21CS119,CS203,F021,F020,NULL,NULL
PES1UG21CS120,CS202,F018,F019,F017,F016
PES1UG21CS121,CS202,F016,F019,F017,F018
PES1UG21CS122,CS202,F016,F018,F017,F019
PES1UG21CS123,CS202,F016,F017,F018,F019
PES1UG21CS124,CS201,F014,F013,F015,F012
PES1UG21CS125,CS202,F019,F018,F017,F016
PES1UG21CS126,CS202,F019,F017,F016,F018
PES1UG21CS127,CS201,F015,F012,F014,F013
PES1UG21CS128,CS202,F018,F017,F019,F016
PES1UG21CS129,CS203,F021,F020,NULL,NULL
PES1UG21CS130,CS202,F016,F017,F019,F018
PES1UG21CS131,CS203,F020,F021,NULL,NULL
PES1UG21CS132,CS202,F017,F018,F016,F019
PES1UG21CS133,CS203,F021,F020,NULL,NULL
PES1UG21CS134,CS202,F016,F018,F019,F017
PES1UG21CS135,CS201,F013,F014,F015,F012
PES1UG21CS136,CS202,F019,F018,F016,F017
PES1UG21CS137,CS202,F019,F016,F018,F017
PES1UG21CS138,CS203,F021,F020,NULL,NULL
PES1UG21CS139,CS201,F013,F015,F014,F012
PES1UG21CS140,CS202,F016,F019,F017,F018
PES1UG21CS141,CS203,F020,F021,NULL,NULL
PES1UG21CS142,CS203,F020,F021,NULL,NULL
PES1UG21CS143,CS201,F015,F013,F012,F014
PES1UG21CS144,CS202,F017,F016,F018,F019
PES1UG21CS145,CS201,F014,F012,F013,F015
PES1UG21CS146,CS202,F016,F018,F019,F017
PES1UG21CS147,CS201,F012,F013,F015,F014
PES1UG21CS148,CS203,F020,F021,NULL,NULL
PES1UG21CS149,CS202,F016,F018,F017,F019
PES1UG21CS150,CS201,F012,F014,F013,F015
PES1UG21CS151,CS202,F019,F018,F016,F017
PES1UG21CS152,CS202,F017,F019,F016,F018
PES1UG21CS153,CS201,F014,F015,F013,F012
PES1UG21CS154,CS203,F020,F021,NULL,NULL
PES1UG21CS155,CS202,F017,F016,F018,F019
PES1UG21CS156,CS202,F017,F019,F016,F018
PES1UG21CS157,CS202,F018,F017,F019,F016
PES1UG21CS158,CS201,F012,F015,F013,F014
PES1UG21CS159,CS202,F019,F018,F017,F016
PES1UG21CS160,CS203,F021,F020,NULL,NULL
PES1UG21CS161,CS202,F017,F019,F018,F016
PES1UG21CS162,CS201,F013,F012,F015,F014
PES1UG21CS163,CS203,F021,F020,NULL,NULL
PES1UG21CS164,CS201,F012,F013,F014,F015
PES1UG21CS165,CS202,F018,F016,F019,F017
PES1UG21CS166,CS201,F015,F012,F013,F014
PES1UG21CS167,CS203,F021,F020,NULL,NULL
PES1UG21CS168,CS203,F020,F021,NULL,NULL
PES1UG21CS169,CS202,F017,F016,F019,F018
PES1UG21CS170,CS201,F015,F014,F012,F013
PES1UG21CS171,CS203,F020,F021,NULL,NULL
PES1UG21CS172,CS202,F016,F019,F017,F018
PES1UG21CS173,CS202,F018,F016,F019,F017
PES1UG21CS174,CS202,F016,F018,F019,F017
PES1UG21CS175,CS202,F016,F017,F019,F018
PES1UG21CS176,CS203,F021,F020,NULL,NULL
PES1UG21CS177,CS203,F020,F021,NULL,NULL
PES1UG21CS178,CS203,F021,F020,NULL,NULL
PES1UG21CS179,CS202,F016,F018,F019,F017
PES1UG21CS180,CS203,F020,F021,NULL,NULL
PES1UG21CS181,CS201,F015,F013,F012,F014
PES1UG21CS182,CS202,F016,F019,F017,F018
PES1UG21CS183,CS201,F013,F012,F015,F014
PES1UG21CS184,CS201,F014,F012,F013,F015
PES1UG21CS185,CS202,F016,F017,F018,F019
PES1UG21CS186,CS202,F017,F018,F019,F016
PES1UG21CS187,CS201,F014,F015,F013,F012
PES1UG21CS188,CS201,F012,F014,F013,F015
PES1UG21CS189,CS201,F013,F012,F015,F014
PES1UG21CS190,CS202,F018,F017,F016,F019
PES1UG21CS191,CS203,F021,F020,NULL,NULL
PES1UG21CS192,CS201,F015,F013,F012,F014
PES1UG21CS193,CS203,F021,F020,NULL,NULL
PES1UG21CS194,CS203,F021,F020,NULL,NULL
PES1UG21CS195,CS202,F017,F019,F018,F016
PES1UG21CS196,CS202,F019,F017,F018,F016
PES1UG21CS197,CS202,F016,F018,F019,F017
PES1UG21CS198,CS202,F017,F019,F016,F018
PES1UG21CS199,CS202,F016,F017,F019,F018
PES1UG21CS200,CS203,F021,F020,NULL,NULL
PES1UG21CS201,CS203,F020,F021,NULL,NULL
PES1UG21CS202,CS203,F020,F021,NULL,NULL
PES1UG21CS203,CS201,F015,F012,F013,F014
PES1UG21CS204,CS201,F013,F012,F015,F014
PES1UG21CS205,CS201,F014,F015,F012,F013
PES1UG21CS206,CS203,F020,F021,NULL,NULL
PES1UG21CS207,CS201,F013,F012,F015,F014
PES1UG21CS208,CS203,F020,F021,NULL,NULL
PES1UG21CS209,CS203,F021,F020,NULL,NULL
PES1UG21CS210,CS201,F013,F014,F012,F015
PES1UG21CS211,CS201,F012,F013,F014,F015
PES1UG21CS212,CS201,F014,F012,F013,F015
PES1UG21CS213,CS202,F019,F017,F016,F018
PES1UG21CS214,CS201,F013,F012,F014,F015
PES1UG21CS215,CS203,F021,F020,NULL,NULL
PES1UG21CS216,CS201,F013,F014,F012,F015
PES1UG21CS217,CS203,F021,F020,NULL,NULL
PES1UG21CS218,CS203,F021,F020,NULL,NULL
PES1UG21CS219,CS201,F012,F013,F014,F015
PES1UG21CS220,CS203,F021,F020,NULL,NULL
PES1UG21CS221,CS202,F019,F016,F018,F017
PES1UG21CS222,CS202,F019,F017,F016,F018
PES1UG21CS223,CS201,F012,F013,F014,F015
PES1UG21CS224,CS202,F016,F019,F017,F018
PES1UG21CS225,CS203,F021,F020,NULL,NULL
PES1UG21CS226,CS202,F019,F018,F017,F016
PES1UG21CS227,CS203,F021,F020,NULL,NULL
PES1UG21CS228,CS202,F016,F019,F017,F018
PES1UG21CS229,CS201,F014,F015,F013,F012
PES1UG21CS230,CS202,F016,F017,F019,F018
PES1UG21CS231,CS203,F021,F020,NULL,NULL
PES1UG21CS232,CS201,F015,F012,F013,F014
PES1UG21CS233,CS201,F014,F013,F012,F015
PES1UG21CS234,CS201,F013,F012,F014,F015
PES1UG21CS235,CS202,F016,F018,F017,F019
PES1UG21CS236,CS202,F019,F017,F016,F018
PES1UG21CS237,CS201,F012,F013,F014,F015
PES1UG21CS238,CS201,F014,F013,F012,F015
PES1UG21CS239,CS203,F021,F020,NULL,NULL
PES1UG21CS240,CS203,F021,F020,NULL,NULL
PES1UG21CS241,CS203,F021,F020,NULL,NULL
PES1UG21CS242,CS203,F021,F020,NULL,NULL
PES1UG21CS243,CS201,F012,F014,F015,F013
PES1UG21CS244,CS201,F015,F013,F012,F014
PES1UG21CS245,CS201,F012,F013,F014,F015
PES1UG21CS246,CS202,F019,F018,F017,F016
PES1UG21CS247,CS203,F020,F021,NULL,NULL
PES1UG21CS248,CS201,F015,F013,F012,F014
PES1UG21CS249,CS203,F020,F021,NULL,NULL
PES1UG21CS250,CS201,F014,F012,F013,F015
PES1UG21CS251,CS201,F013,F012,F014,F015
PES1UG21CS252,CS203,F021,F020,NULL,NULL
PES1UG21CS253,CS203,F021,F020,NULL,NULL
PES1UG21CS254,CS203,F020,F021,NULL,NULL
PES1UG21CS255,CS201,F014,F013,F012,F015
PES1UG21CS256,CS201,F015,F014,F013,F012
PES1UG21CS257,CS203,F020,F021,NULL,NULL
PES1UG21CS258,CS201,F014,F013,F015,F012
PES1UG21CS259,CS201,F013,F012,F015,F014
PES1UG21CS260,CS202,F016,F019,F017,F018
PES1UG21CS261,CS202,F018,F016,F017,F019
PES1UG21CS262,CS203,F020,F021,NULL,NULL
PES1UG21CS263,CS203,F021,F020,NULL,NULL
PES1UG21CS264,CS203,F020,F021,NULL,NULL
PES1UG21CS265,CS203,F020,F021,NULL,NULL
PES1UG21CS266,CS203,F021,F020,NULL,NULL
PES1UG21CS267,CS201,F012,F015,F014,F013
PES1UG21CS268,CS201,F012,F014,F015,F013
PES1UG21CS269,CS202,F016,F019,F017,F018
PES1UG21CS270,CS201,F015,F013,F012,F014
PES1UG21CS271,CS202,F018,F016,F017,F019
PES1UG21CS272,CS203,F020,F021,NULL,NULL
PES1UG21CS273,CS201,F015,F014,F013,F012
PES1UG21CS274,CS201,F013,F015,F014,F012
PES1UG21CS275,CS203,F020,F021,NULL,NULL
PES1UG21CS276,CS201,F012,F015,F014,F013
PES1UG21CS277,CS201,F014,F015,F013,F012
PES1UG21CS278,CS203,F021,F020,NULL,NULL
PES1UG21CS279,CS202,F017,F018,F016,F019
PES1UG21CS280,CS203,F020,F021,NULL,NULL
PES1UG21CS281,CS201,F012,F015,F014,F013
PES1UG21CS282,CS202,F017,F019,F018,F016
PES1UG21CS283,CS201,F012,F014,F013,F015
PES1UG21CS284,CS201,F013,F014,F012,F015
PES1UG21CS285,CS203,F021,F020,NULL,NULL
PES1UG21CS286,CS203,F020,F021,NULL,NULL
PES1UG21CS287,CS201,F015,F014,F012,F013
PES1UG21CS288,CS203,F020,F021,NULL,NULL
PES1UG21CS289,CS202,F017,F018,F016,F019
PES1UG21CS290,CS201,F014,F013,F015,F012
PES1UG21CS291,CS203,F021,F020,NULL,NULL
PES1UG21CS292,CS203,F020,F021,NULL,NULL
PES1UG21CS293,CS201,F014,F013,F015,F012
PES1UG21CS294,CS203,F020,F021,NULL,NULL
PES1UG21CS295,CS202,F018,F019,F016,F017
PES1UG21CS296,CS203,F021,F020,NULL,NULL
PES1UG21CS297,CS201,F012,F014,F013,F015
PES1UG21CS298,CS201,F015,F013,F014,F012
PES1UG21CS299,CS203,F020,F021,NULL,NULL
PES1UG21CS300,CS203,F020,F021,NULL,NULL
PES1UG21CS301,CS203,F021,F020,NULL,NULL
PES1UG21CS302,CS201,F012,F014,F013,F015
PES1UG21CS303,CS201,F015,F014,F012,F013
PES1UG21CS304,CS201,F012,F013,F015,F014
PES1UG21CS305,CS202,F019,F016,F018,F017
PES1UG21CS306,CS201,F012,F014,F013,F015
PES1UG21CS307,CS202,F016,F017,F019,F018
PES1UG21CS308,CS203,F020,F021,NULL,NULL
PES1UG21CS309,CS202,F018,F016,F019,F017
PES1UG21CS310,CS203,F021,F020,NULL,NULL
PES1UG21CS311,CS203,F020,F021,NULL,NULL
PES1UG21CS312,CS203,F021,F020,NULL,NULL
PES1UG21CS313,CS202,F019,F017,F016,F018
PES1UG21CS314,CS202,F017,F019,F016,F018
PES1UG21CS315,CS202,F017,F018,F019,F016
PES1UG21CS316,CS201,F015,F014,F013,F012
PES1UG21CS317,CS202,F018,F019,F016,F017
PES1UG21CS318,CS203,F021,F020,NULL,NULL
PES1UG21CS319,CS202,F017,F016,F018,F019
PES1UG21CS320,CS203,F020,F021,NULL,NULL
PES1UG21CS321,CS201,F015,F013,F012,F014
PES1UG21CS322,CS203,F020,F021,NULL,NULL
PES1UG21CS323,CS203,F020,F021,NULL,NULL
PES1UG21CS324,CS201,F013,F012,F015,F014
PES1UG21CS325,CS201,F013,F015,F014,F012
PES1UG21CS326,CS201,F013,F012,F015,F014
PES1UG21CS327,CS203,F020,F021,NULL,NULL
PES1UG21CS328,CS202,F016,F017,F019,F018
PES1UG21CS329,CS202,F016,F017,F019,F018
PES1UG21CS330,CS202,F018,F017,F019,F016
PES1UG21CS331,CS203,F020,F021,NULL,NULL
PES1UG21CS332,CS203,F021,F020,NULL,NULL
PES1UG21CS333,CS201,F012,F013,F015,F014
PES1UG21CS334,CS203,F021,F020,NULL,NULL
PES1UG21CS335,CS203,F020,F021,NULL,NULL
PES1UG21CS336,CS203,F021,F020,NULL,NULL
PES1UG21CS337,CS201,F013,F014,F012,F015
PES1UG21CS338,CS202,F019,F016,F017,F018
PES1UG21CS339,CS202,F017,F018,F016,F019
PES1UG21CS340,CS203,F021,F020,NULL,NULL
PES1UG21CS341,CS201,F015,F013,F014,F012
PES1UG21CS342,CS203,F021,F020,NULL,NULL
PES1UG21CS343,CS201,F015,F012,F013,F014
PES1UG21CS344,CS201,F012,F015,F013,F014
PES1UG21CS345,CS201,F014,F015,F013,F012
PES1UG21CS346,CS203,F020,F021,NULL,NULL
PES1UG21CS347,CS201,F014,F013,F015,F012
PES1UG21CS348,CS201,F014,F013,F015,F012
PES1UG21CS349,CS202,F019,F016,F018,F017
PES1UG21CS350,CS201,F014,F012,F015,F013
PES1UG21CS351,CS201,F013,F014,F012,F015
PES1UG21CS352,CS203,F021,F020,NULL,NULL
PES1UG21CS353,CS203,F020,F021,NULL,NULL
PES1UG21CS354,CS201,F013,F015,F012,F014
PES1UG21CS355,CS201,F014,F013,F015,F012
PES1UG21CS356,CS201,F014,F013,F015,F012
PES1UG21CS357,CS203,F020,F021,NULL,NULL
PES1UG21CS358,CS202,F019,F017,F016,F018
PES1UG21CS359,CS203,F021,F020,NULL,NULL
PES1UG21CS360,CS201,F014,F013,F015,F012
PES1UG21CS361,CS202,F017,F018,F019,F016
PES1UG21CS362,CS202,F018,F017,F016,F019
PES1UG21CS363,CS203,F021,F020,NULL,NULL
PES1UG21CS364,CS201,F012,F015,F013,F014
PES1UG21CS365,CS203,F021,F020,NULL,NULL
PES1UG21CS366,CS201,F012,F015,F013,F014
PES1UG21CS367,CS203,F020,F021,NULL,NULL
PES1UG21CS368,CS202,F018,F019,F016,F017
PES1UG21CS369,CS203,F020,F021,NULL,NULL
PES1UG21CS370,CS203,F020,F021,NULL,NULL
PES1UG21CS371,CS202,F016,F017,F019,F018
PES1UG21CS372,CS201,F014,F012,F013,F015
PES1UG21CS373,CS202,F017,F019,F018,F016
PES1UG21CS374,CS202,F016,F017,F019,F018
PES1UG21CS375,CS201,F012,F014,F015,F013
PES1UG21CS376,CS202,F016,F019,F017,F018
PES1UG21CS377,CS203,F020,F021,NULL,NULL
PES1UG21CS378,CS202,F017,F016,F018,F019
PES1UG21CS379,CS203,F020,F021,NULL,NULL
PES1UG21CS380,CS201,F014,F015,F013,F012
PES1UG21CS381,CS202,F019,F018,F016,F017
PES1UG21CS382,CS201,F012,F013,F014,F015
PES1UG21CS383,CS202,F016,F017,F019,F018
PES1UG21CS384,CS201,F012,F014,F015,F013
PES1UG21CS385,CS202,F019,F016,F017,F018
PES1UG21CS386,CS202,F017,F019,F018,F016
PES1UG21CS387,CS203,F021,F020,NULL,NULL
PES1UG21CS388,CS202,F018,F019,F017,F016
PES1UG21CS389,CS202,F016,F019,F018,F017
PES1UG21CS390,CS203,F020,F021,NULL,NULL
PES1UG21CS391,CS202,F017,F018,F019,F016
PES1UG21CS392,CS201,F013,F015,F012,F014
PES1UG21CS393,CS202,F017,F019,F018,F016
PES1UG21CS394,CS201,F014,F013,F015,F012
PES1UG21CS395,CS201,F012,F015,F014,F013
PES1UG21CS396,CS203,F021,F020,NULL,NULL
PES1UG21CS397,CS202,F017,F018,F016,F019
PES1UG21CS398,CS201,F015,F013,F012,F014
PES1UG21CS399,CS203,F021,F020,NULL,NULL
PES1UG21CS400,CS203,F021,F020,NULL,NULL
PES1UG21CS401,CS201,F015,F014,F012,F013
PES1UG21CS402,CS203,F021,F020,NULL,NULL
PES1UG21CS403,CS203,F020,F021,NULL,NULL
PES1UG21CS404,CS202,F017,F019,F016,F018
PES1UG21CS405,CS201,F014,F012,F013,F015
PES1UG21CS406,CS202,F019,F016,F017,F018
PES1UG21CS407,CS201,F015,F013,F014,F012
PES1UG21CS408,CS201,F014,F015,F012,F013
PES1UG21CS409,CS203,F021,F020,NULL,NULL
PES1UG21CS410,CS203,F021,F020,NULL,NULL
PES1UG21CS411,CS202,F018,F019,F017,F016
PES1UG21CS412,CS201,F012,F014,F015,F013
PES1UG21CS413,CS201,F013,F015,F012,F014
PES1UG21CS414,CS201,F013,F014,F012,F015
PES1UG21CS415,CS201,F015,F012,F014,F013
PES1UG21CS416,CS203,F020,F021,NULL,NULL
PES1UG21CS417,CS201,F015,F013,F014,F012
PES1UG21CS418,CS203,F021,F020,NULL,NULL
PES1UG21CS419,CS201,F015,F013,F014,F012
PES1UG21CS420,CS203,F020,F021,NULL,NULL
PES1UG21CS421,CS201,F015,F014,F013,F012
PES1UG21CS422,CS202,F018,F019,F016,F017
PES1UG21CS423,CS202,F018,F019,F017,F016
PES1UG21CS424,CS201,F013,F015,F014,F012
PES1UG21CS425,CS201,F012,F015,F014,F013
PES1UG21CS426,CS202,F018,F017,F019,F016
PES1UG21CS427,CS203,F021,F020,NULL,NULL
PES1UG21CS428,CS203,F020,F021,NULL,NULL
PES1UG21CS429,CS203,F020,F021,NULL,NULL
PES1UG21CS430,CS202,F019,F016,F017,F018
PES1UG21CS431,CS201,F012,F014,F013,F015
PES1UG21CS432,CS202,F016,F018,F019,F017
PES1UG21CS433,CS203,F020,F021,NULL,NULL
PES1UG21CS434,CS202,F016,F019,F017,F018
PES1UG21CS435,CS202,F018,F016,F017,F019
PES1UG21CS436,CS202,F018,F019,F016,F017
PES1UG21CS437,CS201,F012,F014,F015,F013
PES1UG21CS438,CS201,F013,F014,F012,F015
PES1UG21CS439,CS202,F018,F019,F016,F017
PES1UG21CS440,CS203,F020,F021,NULL,NULL
PES1UG21CS441,CS201,F014,F012,F015,F013
PES1UG21CS442,CS203,F020,F021,NULL,NULL
PES1UG21CS443,CS203,F021,F020,NULL,NULL
PES1UG21CS444,CS201,F014,F012,F013,F015
PES1UG21CS445,CS203,F020,F021,NULL,NULL
PES1UG21CS446,CS201,F012,F014,F013,F015
PES1UG21CS447,CS202,F017,F019,F016,F018
PES1UG21CS448,CS201,F013,F012,F015,F014
PES1UG21CS449,CS201,F013,F012,F014,F015
PES1UG21CS450,CS203,F020,F021,NULL,NULL
PES1UG21CS451,CS201,F013,F012,F014,F015
PES1UG21CS452,CS202,F017,F019,F018,F016
PES1UG21CS453,CS203,F020,F021,NULL,NULL
PES1UG21CS454,CS202,F017,F018,F016,F019
PES1UG21CS455,CS202,F017,F018,F019,F016
PES1UG21CS456,CS202,F016,F017,F018,F019
PES1UG21CS457,CS201,F014,F015,F012,F013
PES1UG21CS458,CS201,F015,F014,F013,F012
PES1UG21CS459,CS202,F018,F017,F016,F019
PES1UG21CS460,CS201,F013,F015,F014,F012
PES1UG21CS461,CS202,F016,F018,F019,F017
PES1UG21CS462,CS203,F020,F021,NULL,NULL
PES1UG21CS463,CS201,F014,F012,F013,F015
PES1UG21CS464,CS203,F021,F020,NULL,NULL
PES1UG21CS465,CS202,F019,F017,F016,F018
PES1UG21CS466,CS202,F018,F017,F016,F019
PES1UG21CS467,CS201,F014,F013,F015,F012
PES1UG21CS468,CS203,F020,F021,NULL,NULL
PES1UG21CS469,CS203,F021,F020,NULL,NULL
PES1UG21CS470,CS201,F012,F015,F013,F014
PES1UG21CS471,CS203,F021,F020,NULL,NULL
PES1UG21CS472,CS202,F019,F018,F016,F017
PES1UG21CS473,CS203,F020,F021,NULL,NULL
PES1UG21CS474,CS202,F016,F019,F017,F018
PES1UG21CS475,CS201,F015,F013,F014,F012
PES1UG21CS476,CS201,F012,F013,F014,F015
PES1UG21CS477,CS202,F019,F017,F016,F018
PES1UG21CS478,CS201,F015,F013,F014,F012
PES1UG21CS479,CS203,F020,F021,NULL,NULL
PES1UG21CS480,CS201,F013,F014,F012,F015
PES1UG21CS481,CS201,F014,F012,F015,F013
PES1UG21CS482,CS202,F018,F017,F016,F019
PES1UG21CS483,CS202,F017,F019,F018,F016
PES1UG21CS484,CS201,F014,F013,F012,F015
PES1UG21CS485,CS202,F019,F017,F018,F016
PES1UG21CS486,CS202,F019,F017,F018,F016
PES1UG21CS487,CS201,F013,F014,F012,F015
PES1UG21CS488,CS201,F014,F015,F013,F012
PES1UG21CS489,CS201,F015,F014,F012,F013
PES1UG21CS490,CS201,F013,F015,F014,F012
PES1UG21CS491,CS201,F015,F012,F014,F013
PES1UG21CS492,CS202,F018,F019,F016,F017
PES1UG21CS493,CS201,F012,F014,F013,F015
PES1UG21CS494,CS202,F019,F016,F017,F018
PES1UG21CS495,CS202,F019,F017,F018,F016
PES1UG21CS496,CS202,F017,F016,F019,F018
PES1UG21CS497,CS201,F014,F012,F015,F013
PES1UG21CS498,CS202,F018,F017,F019,F016
PES1UG21CS499,CS201,F015,F012,F014,F013
PES1UG21CS500,CS201,F012,F014,F015,F013
PES1UG21CS501,CS201,F012,F015,F014,F013
PES1UG21CS502,CS201,F013,F015,F012,F014
PES1UG21CS503,CS202,F016,F019,F017,F018
PES1UG21CS504,CS201,F012,F015,F013,F014
PES1UG21CS505,CS201,F014,F013,F015,F012
PES1UG21CS506,CS202,F018,F017,F019,F016
PES1UG21CS507,CS202,F019,F017,F016,F018
PES1UG21CS508,CS201,F012,F014,F015,F013
PES1UG21CS509,CS202,F019,F016,F017,F018
PES1UG21CS510,CS201,F014,F015,F013,F012
PES1UG21CS511,CS201,F012,F013,F014,F015
PES1UG21CS512,CS202,F017,F018,F016,F019
PES1UG21CS513,CS202,F017,F016,F018,F019
PES1UG21CS514,CS201,F013,F015,F014,F012
PES1UG21CS515,CS201,F012,F014,F013,F015
PES1UG21CS516,CS202,F019,F017,F016,F018
PES1UG21CS517,CS202,F018,F019,F017,F016
PES1UG21CS518,CS201,F012,F015,F013,F014
PES1UG21CS519,CS202,F018,F016,F017,F019
PES1UG21CS520,CS202,F019,F016,F018,F017
PES1UG21CS521,CS201,F012,F015,F013,F014
PES1UG21CS522,CS202,F019,F016,F017,F018
PES1UG21CS523,CS202,F017,F016,F018,F019
PES1UG21CS524,CS202,F016,F017,F018,F019
PES1UG21CS525,CS201,F012,F014,F013,F015
PES1UG21CS526,CS201,F013,F014,F015,F012
PES1UG21CS527,CS201,F015,F012,F014,F013
PES1UG21CS528,CS201,F014,F013,F015,F012
PES1UG21CS529,CS202,F019,F018,F016,F017
PES1UG21CS530,CS201,F014,F013,F012,F015
PES1UG21CS531,CS202,F019,F017,F018,F016
PES1UG21CS532,CS201,F015,F012,F014,F013
PES1UG21CS533,CS201,F012,F013,F015,F014
PES1UG21CS534,CS202,F017,F019,F018,F016
PES1UG21CS535,CS201,F015,F013,F012,F014
PES1UG21CS536,CS201,F013,F012,F014,F015
PES1UG21CS537,CS202,F018,F017,F016,F019
PES1UG21CS538,CS201,F012,F013,F014,F015
PES1UG21CS539,CS201,F013,F012,F014,F015
PES1UG21CS540,CS202,F018,F017,F019,F016
PES1UG21CS541,CS201,F014,F015,F013,F012
PES1UG21CS542,CS201,F012,F014,F013,F015
PES1UG21CS543,CS201,F012,F014,F015,F013
PES1UG21CS544,CS202,F017,F016,F018,F019
PES1UG21CS545,CS202,F018,F019,F016,F017
PES1UG21CS546,CS201,F015,F013,F014,F012
PES1UG21CS547,CS202,F019,F018,F016,F017
PES1UG21CS548,CS202,F017,F019,F016,F018
PES1UG21CS549,CS202,F019,F018,F016,F017
PES1UG21CS550,CS201,F015,F013,F014,F012
PES1UG21CS551,CS202,F019,F016,F017,F018
PES1UG21CS552,CS201,F014,F013,F015,F012
PES1UG21CS553,CS202,F016,F018,F017,F019
PES1UG21CS554,CS201,F014,F013,F015,F012
PES1UG21CS555,CS202,F016,F018,F019,F017
PES1UG21CS556,CS202,F018,F016,F017,F019
PES1UG21CS557,CS201,F015,F014,F012,F013
PES1UG21CS558,CS201,F013,F012,F015,F014
PES1UG21CS559,CS201,F012,F013,F014,F015
PES1UG21CS560,CS202,F016,F018,F017,F019
PES1UG21CS561,CS201,F013,F015,F014,F012
PES1UG21CS562,CS201,F013,F012,F015,F014
PES1UG21CS563,CS202,F018,F017,F019,F016
PES1UG21CS564,CS201,F014,F015,F013,F012
PES1UG21CS565,CS202,F018,F019,F017,F016
PES1UG21CS566,CS202,F017,F018,F019,F016
PES1UG21CS567,CS201,F015,F013,F014,F012
PES1UG21CS568,CS202,F017,F019,F018,F016
PES1UG21CS569,CS202,F018,F019,F016,F017
PES1UG21CS570,CS202,F017,F016,F019,F018
PES1UG21CS571,CS202,F016,F017,F019,F018
PES1UG21CS572,CS201,F014,F012,F013,F015
PES1UG21CS573,CS202,F016,F017,F018,F019
PES1UG21CS574,CS201,F013,F015,F012,F014
PES1UG21CS575,CS201,F012,F013,F015,F014
PES1UG21CS576,CS201,F015,F012,F014,F013
PES1UG21CS577,CS201,F012,F014,F013,F015
PES1UG21CS578,CS202,F017,F016,F018,F019
PES1UG21CS579,CS201,F012,F015,F013,F014
PES1UG21CS580,CS202,F017,F018,F016,F019
PES1UG21CS581,CS202,F016,F017,F018,F019
PES1UG21CS582,CS201,F015,F014,F012,F013
PES1UG21CS583,CS201,F014,F015,F012,F013
PES1UG21CS584,CS202,F017,F019,F018,F016
PES1UG21CS585,CS201,F012,F015,F013,F014
PES1UG21CS586,CS201,F012,F014,F015,F013
PES1UG21CS587,CS202,F017,F016,F018,F019
PES1UG21CS588,CS201,F012,F013,F014,F015
PES1UG21CS589,CS201,F015,F012,F014,F013
PES1UG21CS590,CS202,F017,F019,F018,F016
PES1UG21CS591,CS202,F019,F017,F016,F018
PES1UG21CS592,CS202,F017,F016,F019,F018
PES1UG21CS593,CS201,F015,F013,F014,F012
PES1UG21CS594,CS202,F018,F016,F017,F019
PES1UG21CS595,CS202,F017,F018,F016,F019
PES1UG21CS596,CS202,F017,F018,F019,F016
PES1UG21CS597,CS201,F012,F013,F014,F015
PES1UG21CS598,CS201,F013,F014,F012,F015
PES1UG21CS599,CS202,F019,F017,F016,F018
PES1UG21CS600,CS201,F012,F014,F015,F013
PES1UG21CS601,CS202,F016,F017,F019,F018
PES1UG21CS602,CS201,F015,F013,F014,F012
PES1UG21CS603,CS201,F012,F013,F015,F014
PES1UG21CS604,CS202,F016,F018,F017,F019
PES1UG21CS605,CS202,F017,F019,F018,F016
PES1UG21CS606,CS202,F018,F019,F017,F016
PES1UG21CS607,CS201,F015,F013,F012,F014
PES1UG21CS608,CS201,F012,F015,F014,F013
PES1UG21CS609,CS201,F014,F013,F012,F015
PES1UG21CS610,CS202,F016,F018,F017,F019
PES1UG21CS611,CS201,F012,F015,F013,F014
PES1UG21CS612,CS202,F016,F018,F017,F019
PES1UG21CS613,CS201,F012,F015,F014,F013
PES1UG21CS614,CS201,F012,F015,F013,F014
PES1UG21CS615,CS201,F014,F013,F015,F012
PES1UG21CS616,CS201,F013,F015,F012,F014
PES1UG21CS617,CS202,F018,F019,F017,F016
PES1UG21CS618,CS202,F017,F016,F018,F019
PES1UG21CS619,CS201,F015,F013,F014,F012
PES1UG21CS620,CS201,F013,F014,F012,F015
PES1UG21CS621,CS201,F012,F015,F013,F014
PES1UG21CS622,CS202,F017,F019,F018,F016
PES1UG21CS623,CS202,F016,F017,F019,F018
PES1UG21CS624,CS201,F012,F014,F015,F013
PES1UG21CS625,CS202,F018,F016,F019,F017
PES1UG21CS626,CS202,F017,F019,F016,F018
PES1UG21CS627,CS202,F019,F018,F016,F017
PES1UG21CS628,CS201,F012,F014,F015,F013
PES1UG21CS629,CS201,F014,F012,F015,F013
PES1UG21CS630,CS201,F012,F015,F013,F014
PES1UG21CS631,CS202,F016,F018,F019,F017
PES1UG21CS632,CS202,F019,F017,F016,F018
PES1UG21CS633,CS202,F018,F016,F017,F019
PES1UG21CS634,CS201,F013,F015,F014,F012
PES1UG21CS635,CS201,F015,F013,F012,F014
PES1UG21CS636,CS201,F015,F012,F014,F013
PES1UG21CS637,CS201,F012,F013,F014,F015
PES1UG21CS638,CS201,F012,F014,F013,F015
PES1UG21CS639,CS201,F015,F013,F012,F014
PES1UG21CS640,CS201,F015,F012,F014,F013
PES1UG21CS641,CS202,F017,F016,F019,F018
PES1UG21CS642,CS202,F017,F019,F018,F016
PES1UG21CS643,CS201,F012,F014,F015,F013
PES1UG21CS644,CS202,F019,F018,F016,F017
PES1UG21CS645,CS202,F017,F016,F019,F018
PES1UG21CS646,CS201,F015,F013,F012,F014
PES1UG21CS647,CS201,F012,F013,F014,F015
PES1UG21CS648,CS202,F019,F016,F017,F018
PES1UG21CS649,CS201,F015,F012,F014,F013
PES1UG21CS650,CS201,F014,F015,F012,F013
PES1UG21CS651,CS202,F017,F019,F016,F018
PES1UG21CS652,CS202,F017,F019,F016,F018
PES1UG21CS653,CS201,F013,F014,F012,F015
PES1UG21CS654,CS201,F014,F012,F015,F013
PES1UG21CS655,CS201,F015,F012,F014,F013
PES1UG21CS656,CS202,F016,F019,F017,F018
PES1UG21CS657,CS201,F015,F013,F012,F014
PES1UG21CS658,CS202,F016,F017,F018,F019
PES1UG21CS659,CS202,F016,F018,F017,F019
PES1UG21CS660,CS202,F018,F019,F016,F017
PES1UG21CS661,CS202,F019,F017,F018,F016
PES1UG21CS662,CS201,F015,F012,F013,F014
PES1UG21CS663,CS202,F019,F018,F016,F017
PES1UG21CS664,CS201,F015,F014,F012,F013
PES1UG21CS665,CS201,F013,F012,F014,F015
PES1UG21CS666,CS201,F014,F012,F015,F013
PES1UG21CS667,CS201,F014,F015,F012,F013
PES1UG21CS668,CS202,F018,F017,F016,F019
PES1UG21CS669,CS202,F018,F017,F019,F016
PES1UG21CS670,CS202,F016,F017,F018,F019
PES1UG21CS671,CS202,F017,F018,F016,F019
PES1UG21CS672,CS201,F014,F015,F012,F013
PES1UG21CS673,CS201,F014,F012,F013,F015
PES1UG21CS674,CS202,F018,F016,F017,F019
PES1UG21CS675,CS202,F016,F019,F017,F018
PES1UG21CS676,CS202,F019,F016,F018,F017
PES1UG21CS677,CS201,F015,F012,F014,F013
PES1UG21CS678,CS202,F019,F017,F018,F016
PES1UG21CS679,CS202,F017,F016,F018,F019
PES1UG21CS680,CS202,F019,F017,F016,F018
PES1UG21CS681,CS201,F013,F012,F015,F014
PES1UG21CS682,CS201,F012,F015,F013,F014
PES1UG21CS683,CS202,F019,F017,F016,F018
PES1UG21CS684,CS201,F013,F014,F012,F015
PES1UG21CS685,CS201,F015,F014,F012,F013
PES1UG21CS686,CS202,F017,F018,F016,F019
PES1UG21CS687,CS202,F016,F017,F018,F019
PES1UG21CS688,CS201,F015,F014,F013,F012
PES1UG21CS689,CS202,F019,F018,F016,F017
PES1UG21CS690,CS201,F015,F013,F012,F014
PES1UG21CS691,CS202,F018,F016,F017,F019
PES1UG21CS692,CS201,F012,F013,F014,F015
PES1UG21CS693,CS202,F018,F019,F016,F017
PES1UG21CS694,CS202,F019,F017,F018,F016
PES1UG21CS695,CS201,F013,F015,F014,F012
PES1UG21CS696,CS201,F015,F013,F012,F014
PES1UG21CS697,CS201,F013,F014,F015,F012
PES1UG21CS698,CS201,F013,F015,F012,F014
PES1UG21CS699,CS201,F013,F014,F012,F015
PES1UG21CS700,CS202,F019,F016,F017,F018
PES1UG21CS701,CS201,F015,F013,F012,F014
PES1UG21CS702,CS202,F016,F017,F019,F018
PES1UG21CS703,CS202,F017,F016,F019,F018
PES1UG21CS704,CS202,F016,F017,F018,F019
PES1UG21CS705,CS202,F016,F018,F017,F019
PES1UG21CS706,CS202,F019,F018,F016,F017
PES1UG21CS707,CS202,F019,F016,F018,F017
PES1UG21CS708,CS202,F016,F017,F018,F019
PES1UG21CS709,CS201,F014,F013,F015,F012
PES1UG21CS710,CS202,F018,F017,F016,F019
PES1UG21CS711,CS201,F014,F012,F013,F015
PES1UG21CS712,CS201,F014,F015,F012,F013
PES1UG21CS713,CS202,F019,F018,F016,F017
PES1UG21CS714,CS202,F017,F016,F018,F019
PES1UG21CS715,CS201,F012,F015,F014,F013
PES1UG21CS716,CS202,F016,F019,F017,F018
PES1UG21CS717,CS202,F018,F017,F019,F016
PES1UG21CS718,CS202,F016,F017,F019,F018
PES1UG21CS719,CS202,F018,F019,F016,F017
PES1UG21CS720,CS202,F018,F016,F019,F017
PES1UG21CS721,CS202,F018,F017,F019,F016
PES1UG21CS722,CS201,F014,F013,F012,F015
PES1UG21CS723,CS201,F015,F012,F013,F014
PES1UG21CS724,CS201,F014,F013,F012,F015
PES1UG21CS725,CS201,F014,F015,F013,F012
PES1UG21CS726,CS201,F015,F013,F014,F012
PES1UG21CS727,CS201,F015,F014,F013,F012
PES1UG21CS728,CS201,F015,F013,F012,F014
PES1UG21CS729,CS202,F019,F016,F017,F018
PES1UG21CS730,CS202,F019,F017,F018,F016
PES1UG21CS731,CS201,F012,F014,F015,F013
PES1UG21CS732,CS202,F018,F019,F016,F017
PES1UG21CS733,CS201,F012,F013,F015,F014
PES1UG21CS734,CS202,F018,F016,F017,F019
PES1UG21CS735,CS201,F012,F013,F015,F014
PES1UG21CS736,CS202,F019,F017,F018,F016
PES1UG21CS737,CS202,F017,F016,F019,F018
PES1UG21CS738,CS202,F019,F017,F018,F016
PES1UG21CS739,CS201,F013,F015,F012,F014
PES1UG21CS740,CS202,F016,F017,F019,F018
PES1UG21CS741,CS202,F019,F018,F017,F016
PES1UG21CS742,CS202,F019,F018,F017,F016
PES1UG21CS743,CS201,F015,F014,F012,F013
PES1UG21CS744,CS201,F013,F014,F015,F012
PES1UG21CS745,CS202,F017,F019,F018,F016
PES1UG21CS746,CS201,F013,F012,F015,F014
PES1UG21CS747,CS202,F017,F018,F016,F019
PES1UG21CS748,CS201,F014,F015,F012,F013
PES1UG21CS749,CS201,F013,F015,F014,F012
PES1UG21CS750,CS202,F016,F018,F019,F017
PES1UG21CS751,CS201,F015,F012,F014,F013
PES1UG21CS752,CS201,F015,F012,F014,F013
PES1UG21CS753,CS202,F017,F018,F019,F016
PES1UG21CS754,CS202,F018,F017,F019,F016
PES1UG21CS755,CS201,F015,F012,F014,F013
PES1UG21CS756,CS202,F017,F016,F019,F018
PES1UG21CS757,CS202,F019,F018,F017,F016
PES1UG21CS758,CS201,F013,F015,F012,F014
PES1UG21CS759,CS201,F015,F013,F014,F012
PES1UG21CS760,CS201,F012,F013,F015,F014
PES1UG21CS761,CS201,F014,F012,F013,F015
PES1UG21CS762,CS201,F014,F012,F015,F013
PES1UG21CS763,CS202,F018,F016,F017,F019
PES1UG21CS764,CS201,F013,F014,F015,F012
PES1UG21CS765,CS201,F014,F012,F013,F015
PES1UG21CS766,CS202,F017,F019,F018,F016
PES1UG21CS767,CS202,F017,F016,F019,F018
PES1UG21CS768,CS202,F016,F019,F018,F017
PES1UG21CS769,CS201,F013,F014,F015,F012
PES1UG21CS770,CS202,F019,F018,F016,F017
PES1UG21CS771,CS202,F018,F019,F017,F016
PES1UG21CS772,CS201,F012,F013,F015,F014
PES1UG21CS773,CS202,F017,F018,F019,F016
PES1UG21CS774,CS201,F015,F014,F013,F012
PES1UG21CS775,CS202,F018,F016,F017,F019
PES1UG21CS776,CS201,F015,F014,F013,F012
PES1UG21CS777,CS201,F013,F012,F015,F014
PES1UG21CS778,CS202,F017,F016,F019,F018
PES1UG21CS779,CS202,F018,F017,F019,F016
PES1UG21CS780,CS201,F013,F012,F014,F015
PES1UG21CS781,CS202,F018,F019,F016,F017
PES1UG21CS782,CS202,F018,F016,F019,F017
PES1UG21CS783,CS202,F018,F016,F019,F017
PES1UG21CS784,CS202,F016,F018,F019,F017
PES1UG21CS785,CS202,F017,F018,F019,F016
PES1UG21CS786,CS202,F017,F019,F016,F018
PES1UG21CS787,CS202,F016,F019,F017,F018
PES1UG21CS788,CS202,F016,F019,F017,F018
PES1UG21CS789,CS202,F016,F019,F017,F018
PES1UG21CS790,CS202,F019,F018,F017,F016
PES1UG21CS791,CS202,F016,F018,F019,F017
PES1UG21CS792,CS202,F017,F016,F019,F018
PES1UG21CS793,CS202,F017,F019,F016,F018
PES1UG21CS794,CS202,F019,F018,F017,F016
PES1UG21CS795,CS202,F016,F017,F019,F018
PES1UG21CS796,CS202,F017,F018,F019,F016
PES1UG21CS797,CS202,F018,F016,F019,F017
PES1UG21CS798,CS202,F019,F018,F016,F017
PES1UG21CS799,CS202,F017,F019,F016,F018
PES1UG21CS800,CS202,F016,F019,F017,F018
